4 0 2 0 332 1074.671875 446.546875 1072.5625 517.5625 1072.5625 517.5625 1003.65625 516.15625 1060 446 1060 447 1060 448 1060 449 1059 450 1058 450 1059 450 1060 451 1059 452 1058 452 1059 452 1060 453 1059 454 1058 454 1059 454 1060 455 1059 456 1058 456 1059 457 1058 458 1059 458 1060 459 1059 460 1058 460 1058 461 1058 462 1058 463 1058 464 1058 465 1058 466 1058 467 1058 468 1058 469 1058 470 1058 471 1058 472 1058 473 1058 474 1058 475 1058 476 1058 477 1058 478 1059 478 1060 479 1060 480 1060 481 1060 482 1060 483 1059 484 1058 484 1058 485 1058 486 1058 487 1058 488 1059 488 1060 489 1059 490 1058 490 1058 491 1058 492 1058 493 1058 494 1058 495 1058 496 1057 497 1056 497 1055 497 1054 497 1053 497 1052 497 1051 497 1050 497 1049 497 1048 497 1047 497 1046 497 1045 498 1044 498 1043 498 1042 498 1041 498 1040 498 1039 497 1038 497 1037 497 1036 497 1035 497 1034 497 1033 497 1032 497 1031 497 1030 497 1029 497 1028 497 1027 497 1026 497 1025 497 1024 497 1023 497 1022 497 1021 497 1020 497 1019 497 1018 497 1017 497 1016 497 1015 498 1014 498 1013 498 1012 498 1011 498 1010 498 1009 498 1008 498 1008 499 1007 500 1006 500 1006 501 1006 502 1006 503 1006 504 1006 505 1006 506 1006 507 1006 508 1006 509 1006 510 1006 511 1006 512 1007 512 1008 513 1008 514 1009 514 1010 515 1011 515 1012 515 1013 515 1014 515 1015 515 1016 515 1017 515 1018 515 1019 515 1020 515 1021 515 1022 515 1023 515 1024 515 1025 515 1026 515 1027 515 1028 515 1029 515 1030 515 1031 515 1032 515 1033 515 1034 515 1035 515 1036 515 1037 515 1038 515 1039 515 1040 515 1041 515 1042 515 1043 515 1044 515 1045 515 1046 515 1047 515 1048 515 1049 515 1050 515 1051 515 1052 516 1053 516 1054 516 1055 516 1056 516 1057 516 1058 516 1059 516 1060 516 1061 516 1062 516 1063 516 1064 516 1065 516 1066 516 1067 516 1068 516 1069 516 1070 516 1071 516 1072 515 1073 515 1074 515 1075 515 1076 515 1077 515 1077 514 1078 513 1079 513 1079 512 1079 511 1079 510 1079 509 1079 508 1079 507 1079 506 1080 505 1081 505 1080 505 1079 504 1080 503 1081 503 1080 503 1079 502 1080 501 1081 501 1080 501 1079 500 1080 499 1081 499 1080 499 1079 498 1080 497 1081 497 1080 497 1079 496 1080 495 1081 495 1080 495 1079 494 1080 493 1081 493 1080 493 1079 492 1080 491 1081 491 1080 491 1079 490 1080 489 1081 489 1080 489 1079 488 1080 487 1081 487 1080 487 1079 486 1080 485 1081 485 1080 485 1079 484 1080 483 1081 483 1080 483 1079 482 1080 481 1081 481 1080 481 1079 480 1080 479 1081 479 1080 479 1079 478 1080 477 1081 477 1080 477 1079 476 1080 475 1081 475 1080 475 1079 474 1080 473 1081 473 1080 473 1079 472 1080 471 1081 471 1080 471 1079 470 1080 469 1081 469 1080 469 1079 468 1080 467 1081 467 1080 467 1079 466 1080 465 1081 465 1080 465 1079 464 1080 463 1079 462 1080 461 1079 460 1080 459 1079 458 1080 457 1081 457 1080 457 1079 456 1079 455 1079 454 1079 453 1079 452 1079 451 1079 450 1079 449 1079 448 1079 447 1078 447 1077 446 1076 446 1075 446 1074 446 1073 446 1072 446 1071 446 1070 446 1069 446 1068 446 1067 446 1066 446 1065 446 1064 446 1063 446 1062 446 1061 446 0 "NO_VALID_ADJACENT_EDGES: polygon=71,eligible_arcs=428,connection=44803,corner_or_extension=1187,direction_or_position_arc=17712,discontinuous_arc=7678,short_or_residual_arc=3594"
7 0 2 0 367 1109.125 446.359375 1109.125 517.375 1109.125 517.375 1040.21875 516.671875 1096 446 1096 447 1095 448 1094 448 1094 449 1094 450 1094 451 1094 452 1094 453 1094 454 1094 455 1093 456 1092 456 1093 456 1094 457 1093 458 1092 458 1093 458 1094 459 1093 460 1092 460 1093 460 1094 461 1093 462 1092 462 1093 462 1094 463 1093 464 1092 464 1093 464 1094 465 1093 466 1092 466 1093 466 1094 467 1093 468 1092 468 1093 468 1094 469 1093 470 1092 470 1093 470 1094 471 1093 472 1092 472 1093 472 1094 473 1093 474 1092 474 1093 474 1094 475 1093 476 1092 476 1093 476 1094 477 1094 478 1094 479 1094 480 1094 481 1094 482 1094 483 1093 484 1092 484 1093 484 1094 485 1093 486 1092 486 1093 486 1094 487 1093 488 1092 488 1093 488 1094 489 1093 490 1092 490 1093 490 1094 491 1093 492 1092 492 1092 493 1092 494 1092 495 1092 496 1092 497 1091 498 1090 498 1089 498 1088 498 1087 498 1086 498 1085 498 1084 498 1083 498 1082 498 1081 498 1080 498 1079 498 1078 498 1077 498 1076 498 1075 498 1074 498 1073 498 1072 498 1071 498 1070 498 1069 498 1068 498 1067 498 1066 498 1065 498 1064 498 1063 498 1062 498 1061 498 1060 498 1059 498 1058 498 1057 498 1056 498 1055 498 1054 498 1053 498 1052 498 1051 498 1050 498 1049 498 1048 498 1047 498 1046 498 1045 498 1044 498 1043 498 1042 498 1042 499 1041 500 1040 500 1041 501 1040 502 1040 503 1040 504 1040 505 1040 506 1040 507 1040 508 1040 509 1040 510 1041 511 1040 512 1041 512 1042 513 1042 514 1043 515 1044 515 1045 515 1046 515 1047 515 1048 515 1049 515 1050 515 1051 515 1052 515 1053 515 1054 515 1055 516 1056 516 1057 516 1058 516 1059 516 1060 516 1061 516 1062 516 1063 516 1064 516 1065 516 1066 516 1067 516 1068 516 1069 516 1070 516 1071 516 1072 516 1073 516 1074 516 1075 516 1076 516 1077 516 1078 516 1079 516 1080 516 1081 516 1082 516 1083 516 1084 516 1085 516 1086 516 1087 516 1088 516 1089 516 1090 516 1091 516 1092 516 1093 516 1094 516 1095 516 1096 516 1097 516 1098 516 1099 516 1100 516 1101 516 1102 516 1103 516 1104 516 1105 516 1106 516 1107 516 1108 516 1109 515 1110 515 1111 515 1112 515 1113 515 1113 514 1113 513 1113 512 1114 511 1115 511 1114 511 1113 510 1114 509 1115 509 1114 509 1113 508 1114 507 1115 507 1114 507 1113 506 1114 505 1115 505 1114 505 1113 504 1114 503 1115 503 1114 503 1113 502 1114 501 1115 501 1114 501 1113 500 1114 499 1115 499 1114 499 1113 498 1114 497 1115 497 1114 496 1115 495 1114 495 1113 494 1114 493 1115 493 1114 493 1113 492 1114 491 1115 491 1114 491 1113 490 1114 489 1115 489 1114 489 1113 488 1114 487 1115 487 1114 487 1113 486 1114 485 1115 485 1114 485 1113 484 1114 483 1115 483 1114 483 1113 482 1114 481 1115 481 1114 481 1113 480 1114 479 1115 479 1114 479 1113 478 1114 477 1115 477 1114 477 1113 476 1114 475 1115 475 1114 475 1113 474 1114 473 1115 473 1114 473 1113 472 1114 471 1115 471 1114 471 1113 470 1114 469 1115 469 1114 469 1113 468 1114 467 1115 467 1114 467 1113 466 1114 465 1115 465 1114 465 1113 464 1114 463 1115 463 1114 463 1113 462 1114 461 1115 461 1114 461 1113 460 1114 459 1115 459 1114 459 1113 458 1114 457 1115 457 1114 457 1113 456 1114 455 1115 455 1114 455 1113 454 1114 453 1115 453 1114 453 1113 452 1114 451 1115 451 1114 451 1113 450 1113 449 1113 448 1113 447 1112 447 1111 446 1110 446 1109 446 1108 446 1107 446 1106 446 1105 446 1104 446 1103 446 1102 446 1101 446 1100 446 1099 446 1098 446 1097 446 0 "NO_VALID_ADJACENT_EDGES: polygon=105,eligible_arcs=515,connection=79148,direction_or_position_arc=30393,discontinuous_arc=18132,short_or_residual_arc=5482"
14 0 0 5 376 1004.265625 395.734375 1006.375 326.125 1006.375 326.125 1077.390625 328.234375 1002 328 1002 329 1002 330 1002 331 1001 332 1000 332 1001 332 1002 333 1001 334 1000 334 1001 334 1002 335 1001 336 1000 336 1001 336 1002 337 1001 338 1000 338 1001 338 1002 339 1001 340 1000 340 1001 340 1002 341 1001 342 1000 342 1000 343 1000 344 1000 345 1000 346 1001 346 1002 347 1001 348 1000 348 1001 348 1002 349 1001 350 1000 350 1001 350 1002 351 1001 352 1000 352 1001 352 1002 353 1001 354 1000 354 1001 354 1002 355 1001 356 1000 356 1001 356 1002 357 1001 358 1000 358 1001 358 1002 359 1001 360 1000 360 1001 360 1002 361 1001 362 1000 362 1001 362 1002 363 1001 364 1000 364 1001 364 1002 365 1001 366 1000 366 1001 366 1002 367 1001 368 1000 368 1001 368 1002 369 1001 370 1000 370 1001 370 1002 371 1001 372 1000 372 1001 372 1002 373 1001 374 1000 374 1001 374 1002 375 1001 376 1000 376 1001 376 1002 377 1001 378 1000 378 1001 378 1002 379 1001 380 1000 380 1001 380 1002 381 1001 382 1000 382 1001 382 1002 383 1001 384 1000 384 1001 384 1002 385 1001 386 1000 386 1001 386 1002 387 1001 388 1000 388 1001 388 1002 389 1001 390 1000 390 1001 390 1002 391 1001 392 1000 392 1001 392 1002 393 1002 394 1002 395 1002 396 1003 396 1004 397 1005 397 1006 397 1007 397 1008 397 1009 397 1010 397 1011 397 1012 397 1013 397 1014 397 1015 397 1016 397 1017 397 1018 397 1019 397 1019 396 1020 395 1021 395 1021 394 1021 393 1021 392 1022 391 1023 391 1022 391 1021 390 1022 389 1023 389 1022 389 1021 388 1022 387 1023 387 1022 387 1021 386 1022 385 1023 385 1022 385 1021 384 1022 383 1023 383 1022 383 1021 382 1022 381 1023 381 1022 381 1021 380 1022 379 1023 379 1022 379 1021 378 1022 377 1023 377 1022 377 1021 376 1022 375 1023 375 1022 375 1021 374 1022 373 1023 373 1022 373 1021 372 1022 371 1023 371 1022 371 1021 370 1022 369 1023 369 1022 369 1021 368 1022 367 1023 367 1022 367 1021 366 1022 365 1023 365 1022 365 1021 364 1022 363 1023 363 1022 363 1021 362 1022 361 1023 361 1022 361 1021 360 1022 359 1023 359 1022 358 1023 357 1023 356 1023 355 1023 354 1023 353 1023 352 1023 351 1023 350 1023 349 1023 348 1023 347 1024 346 1025 346 1026 345 1027 345 1028 345 1029 345 1030 345 1031 345 1032 345 1033 345 1034 345 1035 345 1036 345 1037 345 1038 345 1039 345 1040 345 1041 345 1042 345 1043 345 1044 345 1045 345 1046 345 1047 345 1048 345 1049 345 1050 345 1051 345 1052 345 1053 345 1054 345 1055 345 1056 345 1057 345 1058 345 1059 345 1060 345 1061 345 1062 345 1063 345 1064 345 1065 345 1066 345 1067 345 1068 345 1069 345 1070 345 1071 345 1072 345 1073 345 1073 344 1074 343 1075 343 1074 343 1073 342 1074 341 1075 341 1074 341 1073 340 1074 339 1075 339 1074 339 1073 338 1074 337 1075 337 1074 336 1075 335 1074 335 1073 334 1074 333 1075 333 1074 333 1073 332 1074 331 1075 331 1074 331 1073 330 1073 329 1072 329 1071 328 1070 328 1069 328 1068 328 1067 328 1066 328 1065 328 1064 328 1063 328 1062 328 1061 328 1060 328 1059 328 1058 328 1057 328 1056 328 1055 328 1054 328 1053 328 1052 328 1051 328 1050 328 1049 328 1048 328 1047 328 1046 328 1045 328 1044 328 1043 328 1042 328 1041 328 1040 328 1039 328 1038 328 1037 328 1036 328 1035 328 1034 328 1033 328 1032 328 1031 328 1030 328 1029 328 1028 328 1027 328 1026 328 1025 328 1024 328 1023 328 1022 328 1021 328 1020 328 1019 328 1018 328 1017 328 1016 328 1015 328 1014 328 1013 328 1012 328 1011 328 1010 328 1009 328 1008 328 1007 328 1006 328 1005 328 1004 328 1003 328 0 "NO_VALID_ADJACENT_EDGES: polygon=114,eligible_arcs=585,connection=100048,direction_or_position_arc=32036,discontinuous_arc=20642,short_or_residual_arc=5543"
17 0 2 0 335 1224.53125 447.0625 1223.125 517.375 1223.125 517.375 1152.8125 515.96875 1212 447 1211 448 1210 448 1209 448 1208 448 1208 449 1208 450 1208 451 1208 452 1208 453 1208 454 1208 455 1208 456 1208 457 1208 458 1208 459 1208 460 1208 461 1208 462 1208 463 1208 464 1208 465 1208 466 1208 467 1208 468 1208 469 1208 470 1208 471 1208 472 1208 473 1208 474 1208 475 1208 476 1208 477 1208 478 1208 479 1208 480 1208 481 1208 482 1208 483 1208 484 1208 485 1208 486 1208 487 1208 488 1208 489 1208 490 1208 491 1207 492 1206 492 1207 492 1208 493 1207 494 1206 494 1207 494 1208 495 1207 496 1206 496 1206 497 1205 498 1204 498 1203 498 1202 498 1201 498 1200 498 1199 498 1198 498 1197 498 1196 498 1195 498 1194 498 1193 498 1192 498 1191 498 1190 498 1189 498 1188 498 1187 498 1186 498 1185 498 1184 498 1183 498 1182 498 1181 498 1180 498 1179 498 1178 498 1177 498 1176 498 1175 498 1174 498 1173 498 1172 498 1171 498 1170 498 1169 498 1168 498 1167 498 1166 498 1165 498 1164 499 1163 499 1162 499 1161 499 1160 499 1159 499 1158 499 1157 500 1156 500 1156 501 1155 502 1154 502 1155 502 1156 503 1155 504 1154 504 1155 505 1154 506 1154 507 1154 508 1155 508 1156 509 1155 510 1154 510 1155 510 1156 511 1155 512 1154 512 1155 512 1156 513 1156 514 1156 515 1157 515 1158 516 1159 516 1160 516 1161 516 1162 516 1163 516 1164 516 1165 516 1166 517 1167 517 1168 517 1169 517 1170 517 1171 517 1172 517 1173 517 1174 517 1175 517 1176 517 1177 517 1178 517 1179 517 1180 517 1181 517 1182 517 1183 517 1184 517 1185 517 1186 517 1187 517 1188 517 1189 517 1190 517 1191 517 1192 517 1193 517 1194 517 1195 517 1196 517 1197 517 1198 517 1199 517 1200 517 1201 517 1202 517 1203 517 1204 517 1205 517 1206 517 1207 517 1208 517 1209 517 1210 517 1211 517 1212 517 1213 517 1214 517 1215 517 1216 517 1217 517 1218 517 1219 517 1220 517 1221 517 1222 517 1223 517 1224 516 1225 516 1226 515 1227 515 1227 514 1228 513 1229 513 1228 513 1227 512 1228 511 1229 511 1228 511 1227 510 1228 509 1229 509 1228 509 1227 508 1228 507 1229 507 1228 507 1227 506 1228 505 1229 505 1228 505 1227 504 1228 503 1229 503 1229 502 1229 501 1229 500 1229 499 1229 498 1229 497 1228 497 1227 496 1228 495 1229 495 1228 495 1227 494 1228 493 1229 493 1228 492 1229 491 1228 491 1227 490 1228 489 1229 489 1228 489 1227 488 1228 487 1229 487 1228 487 1227 486 1228 485 1229 485 1228 485 1227 484 1228 483 1229 483 1228 483 1227 482 1228 481 1229 481 1228 481 1227 480 1228 479 1229 479 1228 479 1227 478 1228 477 1229 477 1228 477 1227 476 1228 475 1229 475 1228 475 1227 474 1228 473 1229 473 1228 473 1227 472 1228 471 1229 471 1228 471 1227 470 1228 469 1229 469 1228 469 1227 468 1228 467 1229 467 1228 467 1227 466 1228 465 1229 465 1228 465 1227 464 1228 463 1229 463 1228 463 1227 462 1228 461 1229 461 1228 461 1227 460 1228 459 1229 459 1228 459 1227 458 1228 457 1229 457 1228 457 1227 456 1228 455 1229 455 1228 455 1227 454 1227 453 1227 452 1227 451 1227 450 1227 449 1226 448 1225 447 1224 447 1223 447 1222 447 1221 447 1220 447 1219 447 1218 447 1217 447 1216 447 1215 447 1214 447 1213 447 0 "NO_VALID_ADJACENT_EDGES: polygon=76,eligible_arcs=297,connection=33592,direction_or_position_arc=16312,discontinuous_arc=8745,short_or_residual_arc=5446"
21 0 1 3 141 1237.328125 326.125 1269.8125 326.125 1269.8125 326.125 1269.8125 359.59375 1242 328 1241 329 1240 329 1239 330 1238 330 1238 331 1238 332 1238 333 1238 334 1238 335 1238 336 1238 337 1238 338 1238 339 1238 340 1238 341 1238 342 1238 343 1238 344 1239 344 1240 345 1240 346 1241 346 1242 346 1243 346 1244 346 1245 346 1246 346 1247 346 1248 346 1249 346 1250 347 1251 347 1252 348 1252 349 1252 350 1252 351 1252 352 1252 353 1252 354 1252 355 1252 356 1252 357 1252 358 1253 358 1254 359 1254 360 1255 360 1256 360 1257 360 1258 360 1259 360 1260 360 1261 360 1262 360 1263 360 1264 360 1265 360 1266 360 1267 360 1268 360 1269 359 1270 359 1271 359 1271 358 1272 357 1273 357 1272 357 1271 356 1272 355 1273 355 1272 355 1271 354 1272 353 1273 353 1272 353 1271 352 1272 351 1273 351 1272 351 1271 350 1272 349 1273 349 1272 349 1271 348 1272 347 1273 347 1272 347 1271 346 1272 345 1273 345 1273 344 1273 343 1273 342 1273 341 1272 341 1271 340 1272 339 1273 339 1272 339 1271 338 1272 337 1273 337 1273 336 1273 335 1272 335 1271 334 1272 333 1273 333 1272 333 1271 332 1271 331 1271 330 1270 330 1269 329 1268 329 1267 329 1266 328 1265 328 1264 328 1263 328 1262 328 1261 328 1260 328 1259 328 1258 328 1257 328 1256 328 1255 328 1254 328 1253 328 1252 328 1251 328 1250 328 1249 328 1248 328 1247 328 1246 328 1245 328 1244 328 1243 328 0 "NO_VALID_ADJACENT_EDGES: polygon=32,eligible_arcs=68,direction_or_position_arc=4405,discontinuous_arc=1119,short_or_residual_arc=1380"
21 0 3 1 329 1084.1875 445.65625 1084.1875 517.375 1084.1875 517.375 1153.796875 517.375 1084 446 1083 447 1082 447 1081 448 1080 448 1080 449 1080 450 1080 451 1080 452 1080 453 1080 454 1080 455 1079 456 1078 456 1079 456 1080 457 1079 458 1078 458 1079 458 1080 459 1079 460 1078 460 1079 460 1080 461 1079 462 1078 462 1079 462 1080 463 1079 464 1078 464 1079 464 1080 465 1079 466 1078 466 1079 466 1080 467 1079 468 1078 468 1079 468 1080 469 1079 470 1078 470 1079 470 1080 471 1079 472 1078 472 1079 472 1080 473 1079 474 1078 474 1079 474 1080 475 1079 476 1078 476 1079 476 1080 477 1079 478 1078 478 1079 478 1080 479 1079 480 1078 480 1079 480 1080 481 1079 482 1078 482 1079 482 1080 483 1079 484 1078 484 1079 484 1080 485 1079 486 1078 486 1079 486 1080 487 1079 488 1078 488 1079 488 1080 489 1079 490 1078 490 1079 490 1080 491 1079 492 1078 492 1079 492 1080 493 1079 494 1078 494 1079 494 1080 495 1079 496 1078 496 1079 496 1080 497 1079 498 1078 498 1078 499 1078 500 1078 501 1078 502 1078 503 1078 504 1079 505 1078 506 1079 506 1080 507 1079 508 1078 508 1079 508 1080 509 1079 510 1078 510 1079 510 1080 511 1080 512 1080 513 1080 514 1080 515 1081 515 1082 516 1083 516 1084 516 1085 516 1086 516 1087 516 1088 516 1089 516 1090 516 1091 516 1092 516 1093 516 1094 516 1095 516 1096 516 1097 516 1098 516 1099 516 1100 516 1101 516 1102 516 1103 516 1104 516 1105 516 1106 516 1107 516 1108 516 1109 516 1110 516 1111 516 1112 516 1113 516 1114 516 1115 516 1116 516 1117 516 1118 516 1119 516 1120 516 1121 516 1122 516 1123 516 1124 516 1125 516 1126 516 1127 516 1128 516 1129 516 1130 516 1131 516 1132 516 1133 516 1134 516 1135 516 1136 516 1137 516 1138 516 1139 516 1140 516 1141 516 1142 516 1143 516 1144 516 1145 516 1146 516 1147 516 1148 516 1149 516 1150 515 1151 515 1151 514 1151 513 1151 512 1152 511 1153 511 1152 511 1151 510 1152 509 1153 509 1152 509 1151 508 1152 507 1153 507 1152 507 1151 506 1152 505 1153 505 1152 505 1151 504 1152 503 1153 503 1152 503 1151 502 1151 501 1151 500 1150 500 1149 500 1148 500 1147 499 1146 499 1145 499 1144 499 1143 499 1142 499 1141 499 1140 499 1139 499 1138 498 1137 498 1136 498 1135 498 1134 498 1133 498 1132 498 1131 498 1130 498 1129 498 1128 498 1127 498 1126 498 1125 498 1124 498 1123 498 1122 498 1121 498 1120 498 1119 498 1118 498 1117 498 1116 498 1115 498 1114 498 1113 498 1112 498 1111 498 1110 498 1109 498 1108 498 1107 498 1106 498 1105 498 1104 498 1103 498 1102 498 1101 497 1100 497 1099 496 1099 495 1099 494 1099 493 1099 492 1099 491 1099 490 1099 489 1099 488 1099 487 1099 486 1099 485 1099 484 1099 483 1099 482 1099 481 1099 480 1099 479 1099 478 1099 477 1099 476 1099 475 1099 474 1099 473 1099 472 1099 471 1099 470 1099 469 1099 468 1099 467 1099 466 1099 465 1099 464 1099 463 1099 462 1099 461 1099 460 1099 459 1099 458 1099 457 1099 456 1099 455 1099 454 1099 453 1099 452 1099 451 1099 450 1099 449 1098 448 1097 447 1096 447 1095 447 1094 447 1093 446 1092 446 1091 446 1090 446 1089 446 1088 446 1087 446 1086 446 1085 446 0 "NO_VALID_ADJACENT_EDGES: polygon=70,eligible_arcs=434,connection=50370,direction_or_position_arc=12497,discontinuous_arc=7843,short_or_residual_arc=4666"
22 0 2 0 333 1281.484375 446.171875 1282.1875 517.1875 1282.1875 517.1875 1211.875 517.1875 1270 447 1269 448 1268 448 1267 448 1266 448 1265 448 1264 448 1264 449 1264 450 1264 451 1264 452 1264 453 1264 454 1264 455 1264 456 1264 457 1264 458 1264 459 1264 460 1264 461 1264 462 1264 463 1264 464 1264 465 1264 466 1264 467 1264 468 1264 469 1264 470 1264 471 1264 472 1264 473 1264 474 1264 475 1264 476 1264 477 1264 478 1264 479 1264 480 1264 481 1264 482 1264 483 1264 484 1264 485 1264 486 1264 487 1264 488 1264 489 1264 490 1264 491 1264 492 1264 493 1263 494 1262 494 1263 494 1264 495 1263 496 1262 496 1263 496 1264 497 1263 498 1262 498 1261 499 1260 499 1259 499 1258 499 1257 499 1256 499 1255 499 1254 499 1253 499 1252 499 1251 499 1250 499 1249 499 1248 499 1247 499 1246 499 1245 499 1244 499 1243 499 1242 499 1241 499 1240 499 1239 499 1238 499 1237 499 1236 499 1235 499 1234 499 1233 499 1232 499 1231 499 1230 499 1229 499 1228 499 1227 499 1226 499 1225 499 1224 499 1223 499 1222 499 1221 499 1220 499 1219 499 1218 499 1217 500 1216 500 1215 500 1214 500 1213 500 1212 500 1212 501 1211 502 1210 502 1211 502 1212 503 1211 504 1210 504 1211 505 1210 506 1211 507 1210 508 1211 508 1212 509 1211 510 1210 510 1211 510 1212 511 1211 512 1212 513 1212 514 1212 515 1212 516 1213 516 1214 517 1215 517 1216 517 1217 517 1218 517 1219 517 1220 517 1221 517 1222 517 1223 517 1224 517 1225 517 1226 517 1227 517 1228 517 1229 517 1230 517 1231 517 1232 517 1233 517 1234 517 1235 517 1236 517 1237 517 1238 517 1239 517 1240 517 1241 517 1242 517 1243 517 1244 517 1245 517 1246 517 1247 517 1248 517 1249 517 1250 517 1251 517 1252 517 1253 517 1254 517 1255 517 1256 517 1257 517 1258 517 1259 517 1260 517 1261 517 1262 517 1263 517 1264 517 1265 517 1266 517 1267 517 1268 517 1269 517 1270 517 1271 517 1272 517 1273 517 1274 517 1275 517 1276 517 1277 517 1278 517 1279 517 1280 517 1281 517 1282 516 1283 515 1283 514 1283 513 1283 512 1284 511 1285 511 1284 511 1283 510 1284 509 1285 509 1284 509 1283 508 1284 507 1285 507 1284 507 1283 506 1284 505 1285 505 1285 504 1285 503 1284 503 1283 502 1284 501 1285 501 1284 501 1283 500 1284 499 1285 499 1285 498 1285 497 1285 496 1285 495 1284 495 1283 494 1284 493 1285 493 1284 493 1283 492 1284 491 1285 491 1284 491 1283 490 1284 489 1285 489 1284 489 1283 488 1284 487 1285 487 1284 487 1283 486 1284 485 1285 485 1284 485 1283 484 1284 483 1285 483 1284 483 1283 482 1284 481 1285 481 1284 481 1283 480 1284 479 1285 479 1284 479 1283 478 1284 477 1285 477 1284 477 1283 476 1284 475 1285 475 1284 475 1283 474 1284 473 1285 473 1284 473 1283 472 1284 471 1285 471 1284 471 1283 470 1284 469 1285 469 1284 469 1283 468 1284 467 1285 467 1284 467 1283 466 1284 465 1285 465 1284 465 1283 464 1284 463 1285 463 1284 463 1283 462 1284 461 1285 461 1284 461 1283 460 1284 459 1285 459 1284 459 1283 458 1284 457 1285 457 1284 457 1283 456 1283 455 1283 454 1283 453 1283 452 1283 451 1283 450 1283 449 1282 449 1281 448 1280 448 1279 448 1278 448 1277 447 1276 448 1275 447 1274 447 1273 447 1272 447 1271 447 0 "NO_VALID_ADJACENT_EDGES: polygon=73,eligible_arcs=346,connection=42930,direction_or_position_arc=13716,discontinuous_arc=7862,short_or_residual_arc=5136"
25 0 2 0 334 1313.3125 447.859375 1313.3125 518.875 1313.3125 518.875 1243.703125 518.171875 1300 448 1300 449 1299 450 1298 450 1298 451 1298 452 1298 453 1298 454 1298 455 1298 456 1298 457 1298 458 1298 459 1298 460 1298 461 1298 462 1298 463 1298 464 1298 465 1298 466 1298 467 1298 468 1298 469 1298 470 1298 471 1298 472 1298 473 1298 474 1298 475 1298 476 1298 477 1298 478 1298 479 1298 480 1298 481 1298 482 1298 483 1298 484 1298 485 1298 486 1298 487 1298 488 1298 489 1298 490 1298 491 1298 492 1298 493 1297 494 1296 494 1297 494 1298 495 1297 496 1296 496 1297 496 1298 497 1297 498 1296 498 1295 499 1294 499 1293 500 1292 500 1291 500 1290 500 1289 500 1288 500 1287 500 1286 500 1285 500 1284 500 1283 500 1282 500 1281 500 1280 500 1279 500 1278 500 1277 500 1276 500 1275 500 1274 500 1273 500 1272 500 1271 500 1270 500 1269 500 1268 500 1267 500 1266 500 1265 500 1264 500 1263 500 1262 500 1261 500 1260 500 1259 500 1258 500 1257 500 1256 500 1255 500 1254 500 1253 500 1252 500 1251 500 1250 500 1249 500 1248 500 1247 500 1246 500 1246 501 1245 502 1244 502 1245 502 1246 503 1245 504 1244 504 1245 505 1244 506 1244 507 1244 508 1245 508 1246 509 1245 510 1244 510 1245 511 1244 512 1245 512 1246 513 1246 514 1246 515 1246 516 1247 516 1248 517 1249 517 1250 517 1251 517 1252 517 1253 517 1254 517 1255 517 1256 517 1257 517 1258 517 1259 517 1260 517 1261 517 1262 517 1263 517 1264 517 1265 517 1266 517 1267 517 1268 517 1269 517 1270 517 1271 517 1272 517 1273 517 1274 517 1275 517 1276 517 1277 517 1278 517 1279 517 1280 517 1281 517 1282 517 1283 517 1284 517 1285 517 1286 517 1287 517 1288 517 1289 518 1290 518 1291 518 1292 518 1293 518 1294 518 1295 518 1296 518 1297 518 1298 518 1299 518 1300 518 1301 518 1302 518 1303 518 1304 518 1305 517 1306 517 1307 517 1308 517 1309 517 1310 517 1311 517 1312 517 1313 517 1314 517 1315 517 1315 516 1316 515 1317 516 1317 515 1317 514 1318 513 1317 512 1318 511 1319 511 1318 511 1317 510 1318 509 1319 509 1318 509 1317 508 1318 507 1319 507 1318 507 1317 506 1318 505 1319 505 1318 505 1317 504 1318 503 1319 503 1318 503 1317 502 1318 501 1319 501 1318 500 1319 499 1318 499 1317 498 1318 497 1319 497 1318 497 1317 496 1318 495 1319 495 1318 495 1317 494 1318 493 1319 493 1318 493 1317 492 1318 491 1319 491 1318 491 1317 490 1318 489 1319 489 1318 489 1317 488 1318 487 1319 487 1318 487 1317 486 1318 485 1319 485 1318 485 1317 484 1318 483 1319 483 1318 483 1317 482 1318 481 1319 481 1318 481 1317 480 1318 479 1319 479 1318 479 1317 478 1318 477 1319 477 1318 477 1317 476 1318 475 1319 475 1318 475 1317 474 1318 473 1319 473 1318 473 1317 472 1318 471 1319 471 1318 471 1317 470 1318 469 1319 469 1318 469 1317 468 1318 467 1319 467 1318 467 1317 466 1318 465 1319 465 1318 465 1317 464 1318 463 1319 463 1318 463 1317 462 1318 461 1319 461 1318 461 1317 460 1317 459 1317 458 1317 457 1317 456 1317 455 1317 454 1317 453 1317 452 1317 451 1317 450 1317 449 1316 449 1315 448 1314 448 1313 448 1312 448 1311 448 1310 448 1309 448 1308 448 1307 448 1306 448 1305 448 1304 448 1303 448 1302 448 1301 448 0 "NO_VALID_ADJACENT_EDGES: polygon=75,eligible_arcs=373,connection=57240,direction_or_position_arc=15839,discontinuous_arc=8376,short_or_residual_arc=4824"
32 0 3 1 317 1206.484375 447.15625 1207.1875 518.875 1207.1875 518.875 1277.5 518.875 1206 448 1206 449 1205 450 1204 450 1204 451 1204 452 1204 453 1204 454 1204 455 1204 456 1204 457 1204 458 1204 459 1204 460 1204 461 1204 462 1204 463 1203 464 1202 464 1203 464 1204 465 1204 466 1204 467 1204 468 1204 469 1203 470 1204 471 1203 472 1202 472 1203 472 1204 473 1204 474 1204 475 1203 476 1202 476 1203 476 1204 477 1203 478 1202 478 1203 478 1204 479 1203 480 1202 480 1203 480 1204 481 1203 482 1202 482 1203 482 1204 483 1203 484 1202 484 1203 484 1204 485 1203 486 1202 486 1203 486 1204 487 1203 488 1202 488 1203 488 1204 489 1203 490 1202 490 1203 490 1204 491 1203 492 1202 492 1203 492 1204 493 1203 494 1202 494 1203 494 1204 495 1203 496 1202 496 1203 496 1204 497 1203 498 1202 498 1203 498 1204 499 1203 500 1202 500 1203 500 1204 501 1203 502 1202 502 1203 502 1204 503 1203 504 1202 504 1203 504 1204 505 1203 506 1202 506 1203 506 1204 507 1204 508 1204 509 1204 510 1204 511 1204 512 1204 513 1204 514 1204 515 1204 516 1205 516 1206 517 1207 517 1208 517 1209 517 1210 518 1211 518 1212 518 1213 518 1214 518 1215 518 1216 518 1217 518 1218 518 1219 518 1220 518 1221 518 1222 518 1223 518 1224 518 1225 518 1226 518 1227 518 1228 518 1229 518 1230 518 1231 518 1232 518 1233 518 1234 518 1235 518 1236 518 1237 518 1238 518 1239 518 1240 518 1241 518 1242 518 1243 518 1244 518 1245 518 1246 518 1247 518 1248 518 1249 518 1250 518 1251 518 1252 518 1253 518 1254 518 1255 518 1256 518 1257 518 1258 518 1259 518 1260 518 1261 518 1262 518 1263 518 1264 517 1265 517 1266 517 1267 517 1268 517 1269 517 1270 517 1271 517 1272 517 1273 517 1274 517 1275 517 1275 516 1276 515 1277 515 1276 515 1275 514 1276 513 1277 513 1277 512 1277 511 1277 510 1277 509 1277 508 1277 507 1277 506 1277 505 1277 504 1277 503 1276 503 1275 502 1275 501 1274 501 1273 501 1272 501 1271 500 1270 500 1269 500 1268 500 1267 500 1266 500 1265 500 1264 500 1263 500 1262 500 1261 500 1260 500 1259 500 1258 500 1257 500 1256 500 1255 500 1254 500 1253 500 1252 500 1251 500 1250 500 1249 500 1248 500 1247 500 1246 500 1245 500 1244 500 1243 500 1242 500 1241 500 1240 500 1239 500 1238 500 1237 500 1236 500 1235 500 1234 500 1233 500 1232 500 1231 500 1230 500 1229 500 1228 500 1227 499 1226 499 1225 498 1225 497 1224 497 1223 496 1224 495 1225 495 1224 495 1223 494 1224 493 1225 493 1224 493 1223 492 1224 491 1223 490 1223 489 1223 488 1223 487 1223 486 1223 485 1223 484 1223 483 1223 482 1223 481 1223 480 1223 479 1223 478 1223 477 1223 476 1223 475 1223 474 1223 473 1223 472 1223 471 1223 470 1223 469 1223 468 1223 467 1223 466 1223 465 1223 464 1223 463 1223 462 1223 461 1223 460 1223 459 1223 458 1223 457 1223 456 1223 455 1223 454 1223 453 1222 452 1223 451 1222 451 1221 450 1221 449 1221 448 1220 448 1219 448 1218 448 1217 448 1216 448 1215 448 1214 448 1213 448 1212 448 1211 448 1210 448 1209 448 1208 448 1207 448 0 "NO_VALID_ADJACENT_EDGES: polygon=59,eligible_arcs=430,connection=70196,corner_or_extension=204,direction_or_position_arc=11848,discontinuous_arc=5401,short_or_residual_arc=3201"
129 0 3 1 334 1215.015625 446.96875 1214.3125 518.6875 1214.3125 518.6875 1284.625 519.390625 1213 448 1212 449 1212 450 1212 451 1212 452 1212 453 1211 454 1212 455 1211 456 1210 456 1211 456 1212 457 1211 458 1210 458 1211 458 1212 459 1211 460 1210 460 1211 460 1212 461 1211 462 1210 462 1211 462 1212 463 1211 464 1210 464 1211 464 1212 465 1211 466 1210 466 1211 466 1212 467 1211 468 1210 468 1211 468 1212 469 1211 470 1210 470 1211 470 1212 471 1211 472 1210 472 1211 472 1212 473 1211 474 1210 474 1211 474 1212 475 1211 476 1210 476 1211 476 1212 477 1211 478 1210 478 1211 478 1212 479 1211 480 1210 480 1211 480 1212 481 1211 482 1210 482 1211 482 1212 483 1211 484 1210 484 1211 484 1212 485 1211 486 1210 486 1211 486 1212 487 1211 488 1210 488 1211 488 1212 489 1211 490 1210 490 1211 490 1212 491 1211 492 1210 492 1211 492 1212 493 1211 494 1210 494 1211 494 1212 495 1211 496 1210 496 1211 496 1212 497 1211 498 1210 498 1211 498 1212 499 1211 500 1210 500 1210 501 1210 502 1210 503 1210 504 1211 504 1212 505 1211 506 1210 506 1210 507 1210 508 1211 508 1212 509 1211 510 1210 510 1211 510 1212 511 1212 512 1212 513 1212 514 1212 515 1212 516 1213 516 1214 517 1215 517 1216 517 1217 517 1218 518 1219 518 1220 518 1221 518 1222 518 1223 518 1224 518 1225 518 1226 518 1227 518 1228 518 1229 518 1230 518 1231 518 1232 518 1233 518 1234 518 1235 518 1236 518 1237 518 1238 518 1239 518 1240 518 1241 518 1242 518 1243 518 1244 518 1245 518 1246 518 1247 518 1248 518 1249 518 1250 518 1251 518 1252 518 1253 518 1254 518 1255 518 1256 518 1257 518 1258 518 1259 518 1260 518 1261 518 1262 518 1263 518 1264 518 1265 518 1266 518 1267 518 1268 518 1269 518 1270 518 1271 518 1272 518 1273 518 1274 518 1275 518 1276 518 1277 518 1278 518 1279 517 1280 517 1281 517 1282 517 1283 517 1283 516 1283 515 1283 514 1284 513 1285 513 1284 513 1283 512 1284 511 1285 511 1284 511 1283 510 1284 509 1285 509 1284 509 1283 508 1284 507 1285 507 1284 507 1283 506 1284 505 1285 505 1284 505 1283 504 1283 503 1283 502 1282 502 1281 501 1280 501 1279 501 1278 501 1277 500 1276 500 1275 500 1274 500 1273 500 1272 500 1271 500 1270 500 1269 500 1268 500 1267 500 1266 500 1265 500 1264 500 1263 500 1262 500 1261 500 1260 500 1259 500 1258 500 1257 500 1256 500 1255 500 1254 500 1253 500 1252 500 1251 500 1250 500 1249 500 1248 500 1247 500 1246 500 1245 500 1244 500 1243 500 1242 500 1241 500 1240 500 1239 500 1238 500 1237 500 1236 500 1235 500 1234 500 1233 499 1232 499 1231 498 1231 497 1231 496 1231 495 1231 494 1231 493 1231 492 1231 491 1231 490 1231 489 1231 488 1231 487 1231 486 1231 485 1231 484 1231 483 1231 482 1231 481 1231 480 1231 479 1231 478 1231 477 1231 476 1231 475 1231 474 1231 473 1231 472 1231 471 1231 470 1231 469 1231 468 1231 467 1231 466 1231 465 1231 464 1231 463 1231 462 1231 461 1231 460 1231 459 1231 458 1231 457 1231 456 1231 455 1231 454 1231 453 1230 453 1229 452 1230 451 1231 451 1230 451 1229 450 1229 449 1228 449 1227 448 1226 448 1225 448 1224 448 1223 448 1222 448 1221 448 1220 448 1219 448 1218 448 1217 448 1216 448 1215 448 1214 448 0 "NO_VALID_ADJACENT_EDGES: polygon=73,eligible_arcs=511,connection=75780,direction_or_position_arc=13597,discontinuous_arc=8183,short_or_residual_arc=5099"
134 0 1 3 144 1310.828125 328.984375 1343.3125 329.3125 1343.3125 329.3125 1343.3125 362.78125 1316 330 1315 331 1314 331 1314 332 1314 333 1313 334 1312 334 1313 334 1314 335 1313 336 1312 336 1313 336 1314 337 1313 338 1312 338 1313 338 1314 339 1313 340 1312 340 1313 340 1314 341 1313 342 1312 342 1313 342 1314 343 1314 344 1314 345 1314 346 1315 346 1316 347 1317 347 1318 347 1319 347 1320 347 1321 347 1322 347 1323 348 1324 348 1325 348 1326 349 1326 350 1327 350 1328 351 1327 352 1326 352 1327 352 1328 353 1328 354 1328 355 1328 356 1328 357 1328 358 1328 359 1328 360 1329 360 1330 361 1331 361 1332 361 1333 361 1334 361 1335 361 1336 361 1337 361 1338 361 1339 361 1340 361 1341 361 1342 361 1343 361 1344 361 1345 361 1345 360 1346 359 1347 359 1347 358 1347 357 1347 356 1347 355 1347 354 1347 353 1347 352 1348 351 1349 351 1348 351 1347 350 1348 349 1349 349 1348 349 1347 348 1347 347 1347 346 1348 345 1349 345 1348 345 1347 344 1348 343 1349 343 1348 343 1347 342 1348 341 1349 341 1348 341 1347 340 1348 339 1349 339 1348 339 1347 338 1347 337 1347 336 1347 335 1347 334 1347 333 1347 332 1347 331 1346 331 1345 331 1344 331 1343 330 1342 330 1341 330 1340 330 1339 330 1338 330 1337 330 1336 330 1335 330 1334 330 1333 330 1332 330 1331 330 1330 330 1329 330 1328 330 1327 330 1326 330 1325 330 1324 330 1323 330 1322 330 1321 330 1320 330 1319 330 1318 330 1317 330 0 "NO_VALID_ADJACENT_EDGES: polygon=35,eligible_arcs=38,direction_or_position_arc=4772,discontinuous_arc=1828,short_or_residual_arc=1018"
148 0 1 3 139 1159.75 330.578125 1192.5625 331.5625 1192.5625 331.5625 1191.578125 364.375 1162 329 1161 330 1160 330 1159 330 1158 330 1158 331 1158 332 1158 333 1158 334 1158 335 1158 336 1158 337 1158 338 1158 339 1158 340 1158 341 1158 342 1158 343 1158 344 1158 345 1159 345 1160 346 1161 346 1162 347 1163 347 1164 347 1165 347 1166 347 1167 347 1168 347 1169 347 1170 348 1171 348 1172 349 1172 350 1172 351 1172 352 1172 353 1172 354 1172 355 1172 356 1172 357 1172 358 1172 359 1173 359 1174 360 1175 360 1176 361 1177 361 1178 361 1179 361 1180 361 1181 361 1182 361 1183 361 1184 361 1185 361 1186 361 1187 361 1188 361 1189 361 1189 360 1190 359 1191 359 1191 358 1192 357 1193 357 1192 357 1191 356 1192 355 1193 355 1192 355 1191 354 1192 353 1193 353 1192 353 1191 352 1192 351 1193 351 1192 351 1191 350 1192 349 1193 349 1193 348 1193 347 1192 347 1191 346 1192 345 1193 345 1192 344 1193 343 1193 342 1193 341 1192 340 1193 339 1192 339 1191 338 1192 337 1193 337 1192 337 1191 336 1192 335 1193 335 1192 335 1191 334 1192 333 1193 333 1192 333 1191 332 1191 331 1191 330 1190 330 1189 330 1188 330 1187 330 1186 330 1185 330 1184 330 1183 329 1182 329 1181 329 1180 329 1179 329 1178 329 1177 329 1176 329 1175 329 1174 329 1173 329 1172 329 1171 329 1170 329 1169 329 1168 329 1167 329 1166 329 1165 329 1164 329 1163 329 0 "NO_VALID_ADJACENT_EDGES: polygon=28,eligible_arcs=40,direction_or_position_arc=3349,discontinuous_arc=833,short_or_residual_arc=1034"
148 0 2 0 352 1189.046875 448.75 1186.9375 519.0625 1186.9375 519.0625 1116.625 516.953125 1172 448 1172 449 1172 450 1172 451 1172 452 1172 453 1172 454 1172 455 1171 456 1172 457 1171 458 1170 458 1171 458 1172 459 1171 460 1170 460 1171 460 1172 461 1171 462 1170 462 1171 462 1172 463 1171 464 1170 464 1171 464 1172 465 1171 466 1170 466 1171 466 1172 467 1171 468 1170 468 1171 468 1172 469 1171 470 1170 470 1171 470 1172 471 1171 472 1170 472 1171 472 1172 473 1171 474 1170 474 1171 474 1172 475 1171 476 1170 476 1171 476 1172 477 1171 478 1170 478 1171 478 1172 479 1172 480 1172 481 1172 482 1172 483 1172 484 1172 485 1171 486 1170 486 1171 486 1172 487 1171 488 1170 488 1171 488 1172 489 1171 490 1170 490 1171 490 1172 491 1171 492 1170 492 1171 492 1172 493 1171 494 1170 494 1170 495 1170 496 1170 497 1170 498 1169 499 1168 499 1167 499 1166 499 1165 499 1164 499 1163 499 1162 499 1161 499 1160 499 1159 499 1158 499 1157 499 1156 499 1155 499 1154 499 1153 499 1152 499 1151 499 1150 499 1149 499 1148 499 1147 499 1146 499 1145 499 1144 499 1143 499 1142 499 1141 499 1140 499 1139 499 1138 499 1137 499 1136 499 1135 499 1134 499 1133 499 1132 499 1131 499 1130 499 1129 499 1128 499 1127 499 1126 499 1125 499 1124 499 1123 500 1122 500 1121 500 1120 500 1120 501 1119 502 1118 502 1118 503 1118 504 1118 505 1118 506 1118 507 1118 508 1118 509 1118 510 1118 511 1118 512 1118 513 1118 514 1119 514 1120 515 1120 516 1121 516 1122 517 1123 517 1124 517 1125 517 1126 517 1127 517 1128 517 1129 517 1130 517 1131 517 1132 517 1133 517 1134 517 1135 517 1136 517 1137 517 1138 517 1139 517 1140 517 1141 517 1142 517 1143 517 1144 517 1145 517 1146 517 1147 517 1148 517 1149 517 1150 517 1151 517 1152 517 1153 517 1154 517 1155 517 1156 517 1157 517 1158 517 1159 517 1160 517 1161 517 1162 517 1163 517 1164 517 1165 517 1166 517 1167 517 1168 518 1169 518 1170 518 1171 518 1172 518 1173 518 1174 518 1175 518 1176 518 1177 518 1178 518 1179 518 1180 518 1181 518 1182 518 1183 518 1184 517 1185 517 1186 517 1187 517 1188 517 1189 517 1189 516 1190 515 1191 515 1191 514 1191 513 1191 512 1191 511 1191 510 1191 509 1191 508 1192 507 1193 507 1192 507 1191 506 1192 505 1193 505 1192 505 1191 504 1192 503 1193 503 1192 503 1191 502 1192 501 1193 501 1192 501 1191 500 1192 499 1193 499 1192 499 1191 498 1192 497 1193 497 1192 497 1191 496 1192 495 1193 495 1192 495 1191 494 1192 493 1193 493 1192 493 1191 492 1192 491 1193 491 1192 491 1191 490 1192 489 1193 489 1192 489 1191 488 1192 487 1193 487 1192 487 1191 486 1192 485 1193 485 1192 485 1191 484 1192 483 1193 483 1192 483 1191 482 1192 481 1193 481 1192 481 1191 480 1192 479 1193 479 1192 479 1191 478 1192 477 1193 477 1192 477 1191 476 1192 475 1193 475 1192 475 1191 474 1192 473 1193 473 1192 473 1191 472 1192 471 1193 471 1192 471 1191 470 1192 469 1193 469 1192 469 1191 468 1192 467 1193 467 1192 467 1191 466 1192 465 1193 465 1192 465 1191 464 1192 463 1193 463 1192 463 1191 462 1191 461 1191 460 1191 459 1191 458 1192 457 1191 456 1191 455 1191 454 1191 453 1191 452 1191 451 1191 450 1191 449 1190 449 1189 448 1188 448 1187 448 1186 448 1185 448 1184 448 1183 448 1182 448 1181 448 1180 448 1179 448 1178 448 1177 448 1176 448 1175 448 1174 448 1173 448 0 "NO_VALID_ADJACENT_EDGES: polygon=89,eligible_arcs=545,connection=60112,corner_or_extension=1456,direction_or_position_arc=23946,discontinuous_arc=13683,short_or_residual_arc=3646"
150 0 0 5 354 980.640625 396.25 982.75 325.9375 982.75 325.9375 1052.359375 328.046875 980 328 979 329 978 330 978 331 978 332 978 333 978 334 978 335 978 336 978 337 977 338 976 338 977 338 978 339 977 340 976 340 977 340 978 341 977 342 976 342 977 342 978 343 977 344 976 344 977 344 978 345 977 346 976 346 977 346 978 347 977 348 976 348 977 348 978 349 977 350 976 350 977 350 978 351 977 352 976 352 977 352 978 353 977 354 976 354 977 354 978 355 977 356 976 356 977 356 978 357 977 358 976 358 977 358 978 359 977 360 976 360 977 360 978 361 977 362 976 362 977 362 978 363 977 364 976 364 977 364 978 365 977 366 976 366 977 366 978 367 977 368 976 368 977 368 978 369 977 370 976 370 977 370 978 371 977 372 976 372 977 372 978 373 977 374 976 374 977 374 978 375 977 376 976 376 977 376 978 377 977 378 976 378 977 378 978 379 977 380 976 380 977 380 978 381 977 382 976 382 977 382 978 383 977 384 976 384 977 384 978 385 977 386 976 386 977 386 978 387 977 388 976 388 977 388 978 389 977 390 976 390 977 390 978 391 977 392 976 392 977 392 978 393 978 394 978 395 978 396 979 396 980 397 981 397 982 397 983 397 984 397 985 397 986 397 987 397 988 397 989 397 990 397 991 397 992 397 993 397 994 397 995 397 995 396 996 395 997 395 997 394 997 393 997 392 998 391 999 391 998 391 997 390 998 389 999 389 998 389 997 388 998 387 999 387 998 387 997 386 998 385 999 385 998 385 997 384 998 383 999 383 998 383 997 382 998 381 999 381 998 381 997 380 998 379 999 379 998 379 997 378 998 377 999 377 998 377 997 376 998 375 999 375 998 375 997 374 998 373 999 373 998 372 999 371 998 371 997 370 998 369 999 369 998 368 999 367 999 366 999 365 999 364 999 363 999 362 999 361 999 360 999 359 999 358 999 357 999 356 999 355 999 354 999 353 999 352 999 351 999 350 999 349 999 348 999 347 1000 346 1001 346 1002 346 1003 346 1004 346 1005 346 1006 346 1007 346 1008 346 1009 346 1010 346 1011 346 1012 346 1013 346 1014 346 1015 346 1016 346 1017 346 1018 346 1019 346 1020 346 1021 346 1022 346 1023 346 1024 346 1025 346 1026 346 1027 346 1028 346 1029 346 1030 346 1031 346 1032 346 1033 346 1034 346 1035 346 1036 346 1037 346 1038 346 1039 346 1040 346 1041 346 1042 346 1043 346 1044 346 1045 346 1046 345 1047 345 1048 345 1049 345 1049 344 1050 343 1051 343 1050 343 1049 342 1050 341 1051 341 1050 341 1049 340 1050 339 1051 339 1051 338 1051 337 1051 336 1051 335 1051 334 1051 333 1050 332 1051 331 1050 331 1049 330 1049 329 1048 329 1047 329 1046 328 1045 328 1044 328 1043 328 1042 328 1041 328 1040 328 1039 328 1038 328 1037 328 1036 328 1035 328 1034 328 1033 328 1032 328 1031 328 1030 328 1029 328 1028 328 1027 328 1026 328 1025 328 1024 328 1023 328 1022 328 1021 328 1020 328 1019 328 1018 328 1017 328 1016 328 1015 328 1014 328 1013 328 1012 328 1011 328 1010 328 1009 328 1008 328 1007 328 1006 328 1005 328 1004 328 1003 328 1002 328 1001 328 1000 328 999 328 998 328 997 328 996 328 995 328 994 328 993 328 992 328 991 328 990 328 989 328 988 328 987 328 986 328 985 328 984 328 983 328 982 328 981 328 0 "NO_VALID_ADJACENT_EDGES: polygon=95,eligible_arcs=897,connection=91378,corner_or_extension=2814,direction_or_position_arc=23450,discontinuous_arc=14237,short_or_residual_arc=4472"
153 0 2 0 328 1129.75 447.34375 1129.75 519.0625 1129.75 519.0625 1062.25 518.359375 1126 447 1125 448 1124 448 1123 448 1122 448 1121 448 1120 448 1119 448 1118 448 1117 448 1116 448 1117 448 1118 449 1117 450 1116 450 1116 451 1116 452 1116 453 1116 454 1116 455 1116 456 1116 457 1116 458 1116 459 1116 460 1116 461 1116 462 1116 463 1116 464 1116 465 1116 466 1116 467 1116 468 1116 469 1116 470 1116 471 1116 472 1116 473 1116 474 1116 475 1116 476 1116 477 1116 478 1116 479 1116 480 1116 481 1116 482 1116 483 1116 484 1116 485 1116 486 1116 487 1116 488 1116 489 1116 490 1116 491 1115 492 1114 492 1115 492 1116 493 1115 494 1114 494 1115 494 1116 495 1115 496 1114 496 1115 496 1116 497 1115 498 1114 498 1113 499 1112 499 1111 499 1110 499 1109 499 1108 499 1107 499 1106 499 1105 499 1104 499 1103 499 1102 499 1101 499 1100 499 1099 499 1098 499 1097 499 1096 499 1095 499 1094 499 1093 499 1092 499 1091 499 1090 499 1089 499 1088 499 1087 499 1086 499 1085 499 1084 499 1083 499 1082 499 1081 499 1080 499 1079 499 1078 499 1077 499 1076 499 1075 499 1074 499 1073 499 1072 499 1071 499 1070 499 1069 499 1068 499 1067 499 1066 499 1065 500 1064 500 1064 501 1063 502 1062 502 1063 502 1064 503 1063 504 1062 504 1062 505 1062 506 1062 507 1062 508 1063 508 1064 509 1063 510 1062 510 1063 510 1064 511 1063 512 1062 512 1063 512 1064 513 1064 514 1064 515 1065 515 1066 516 1067 516 1068 516 1069 517 1070 517 1071 517 1072 517 1073 517 1074 517 1075 517 1076 517 1077 517 1078 517 1079 517 1080 517 1081 517 1082 517 1083 517 1084 517 1085 517 1086 517 1087 517 1088 517 1089 517 1090 517 1091 517 1092 517 1093 517 1094 517 1095 517 1096 517 1097 517 1098 517 1099 517 1100 517 1101 517 1102 517 1103 517 1104 517 1105 517 1106 517 1107 517 1108 517 1109 517 1110 517 1111 517 1112 517 1113 517 1114 517 1115 517 1116 517 1117 517 1118 517 1119 517 1120 517 1121 517 1122 517 1123 517 1124 517 1125 517 1126 517 1127 517 1128 517 1129 517 1130 517 1131 517 1132 517 1133 517 1133 516 1134 515 1135 515 1135 514 1135 513 1135 512 1136 511 1137 511 1136 511 1135 510 1136 509 1137 509 1136 509 1135 508 1136 507 1137 507 1136 507 1135 506 1136 505 1137 505 1136 505 1135 504 1136 503 1137 503 1137 502 1137 501 1137 500 1137 499 1137 498 1137 497 1137 496 1137 495 1136 495 1135 494 1136 493 1137 493 1136 493 1135 492 1136 491 1137 491 1136 491 1135 490 1136 489 1137 489 1137 488 1137 487 1136 487 1135 486 1136 485 1137 485 1137 484 1137 483 1136 483 1135 482 1136 481 1137 481 1137 480 1137 479 1137 478 1137 477 1137 476 1137 475 1137 474 1137 473 1136 473 1135 472 1136 471 1137 471 1136 471 1135 470 1136 469 1137 469 1137 468 1137 467 1136 467 1135 466 1136 465 1137 465 1137 464 1137 463 1136 463 1135 462 1136 461 1137 461 1136 461 1135 460 1136 459 1137 459 1136 459 1135 458 1136 457 1137 457 1136 457 1135 456 1136 455 1137 455 1136 455 1135 454 1136 453 1137 453 1136 453 1135 452 1136 451 1137 451 1136 451 1135 450 1135 449 1135 448 1134 448 1133 448 1132 448 1131 448 1130 448 1129 448 1128 448 1127 448 0 "NO_VALID_ADJACENT_EDGES: polygon=71,eligible_arcs=130,connection=1008,direction_or_position_arc=16081,discontinuous_arc=5789,short_or_residual_arc=4732"
154 0 1 3 143 1092.390625 330.578125 1124.875 331.5625 1124.875 331.5625 1123.890625 364.375 1096 329 1095 330 1094 330 1093 330 1092 330 1092 331 1092 332 1092 333 1092 334 1092 335 1092 336 1092 337 1092 338 1092 339 1092 340 1092 341 1092 342 1092 343 1092 344 1092 345 1093 345 1094 346 1095 346 1096 346 1097 346 1098 347 1099 347 1100 347 1101 347 1102 347 1103 347 1104 348 1105 348 1106 349 1106 350 1106 351 1106 352 1106 353 1106 354 1106 355 1106 356 1106 357 1106 358 1106 359 1107 359 1108 360 1109 360 1110 361 1111 361 1112 361 1113 361 1114 361 1115 361 1116 361 1117 361 1118 361 1119 361 1120 361 1121 361 1122 361 1123 361 1123 360 1124 359 1125 359 1125 358 1126 357 1127 357 1126 357 1125 356 1126 355 1127 355 1126 355 1125 354 1126 353 1127 353 1126 353 1125 352 1126 351 1127 351 1126 351 1125 350 1126 349 1127 349 1126 349 1125 348 1126 347 1127 347 1126 347 1125 346 1126 345 1127 345 1126 345 1125 344 1126 343 1127 343 1127 342 1127 341 1127 340 1127 339 1126 339 1125 338 1126 337 1127 337 1127 336 1127 335 1126 335 1125 334 1126 333 1127 333 1126 333 1125 332 1126 331 1127 331 1126 331 1125 330 1124 330 1123 330 1122 330 1121 329 1120 329 1119 329 1118 329 1117 329 1116 329 1115 329 1114 329 1113 329 1112 329 1111 329 1110 329 1109 329 1108 329 1107 329 1106 329 1105 329 1104 329 1103 329 1102 329 1101 329 1100 329 1099 329 1098 329 1097 329 0 "NO_VALID_ADJACENT_EDGES: polygon=30,eligible_arcs=45,direction_or_position_arc=3367,discontinuous_arc=1078,short_or_residual_arc=1362"
177 0 2 0 348 917.171875 445.046875 915.0625 516.0625 915.0625 516.0625 846.15625 514.65625 906 445 905 446 904 446 903 446 902 446 901 446 900 446 900 447 900 448 900 449 900 450 900 451 900 452 900 453 900 454 900 455 900 456 900 457 900 458 900 459 899 460 898 460 899 460 900 461 899 462 898 462 899 462 900 463 899 464 898 464 899 464 900 465 899 466 898 466 899 466 900 467 899 468 898 468 899 468 900 469 899 470 898 470 899 470 900 471 899 472 898 472 899 472 900 473 899 474 898 474 899 474 900 475 899 476 898 476 899 476 900 477 900 478 900 479 900 480 900 481 900 482 900 483 899 484 898 484 899 484 900 485 899 486 898 486 899 486 900 487 899 488 898 488 899 488 900 489 899 490 898 490 898 491 898 492 898 493 898 494 898 495 897 496 896 496 895 496 894 496 893 496 892 496 891 496 890 496 889 496 888 496 887 496 886 496 885 496 884 496 883 496 882 496 881 496 880 496 879 496 878 496 877 496 876 496 875 496 874 496 873 496 872 496 871 496 870 496 869 496 868 496 867 496 866 496 865 496 864 496 863 496 862 496 861 496 860 496 859 496 858 496 857 496 856 496 855 496 854 496 853 496 852 496 851 496 850 496 849 497 848 497 847 498 846 498 847 498 848 499 847 500 846 500 846 501 846 502 846 503 846 504 846 505 846 506 846 507 846 508 846 509 846 510 847 510 848 511 848 512 848 513 849 513 850 514 851 514 852 514 853 514 854 514 855 514 856 514 857 514 858 514 859 514 860 514 861 514 862 514 863 514 864 514 865 514 866 514 867 514 868 514 869 514 870 514 871 514 872 514 873 514 874 514 875 514 876 515 877 515 878 515 879 515 880 515 881 515 882 515 883 515 884 515 885 515 886 515 887 515 888 515 889 515 890 515 891 515 892 515 893 515 894 515 895 515 896 515 897 515 898 515 899 515 900 515 901 515 902 515 903 515 904 515 905 515 906 515 907 515 908 515 909 515 910 515 911 515 912 515 913 515 914 515 915 515 916 515 917 515 917 514 918 513 919 513 919 512 919 511 919 510 919 509 919 508 919 507 919 506 920 505 921 505 920 505 919 504 920 503 921 503 920 503 919 502 920 501 921 501 920 501 919 500 920 499 921 499 920 499 919 498 920 497 921 497 920 497 919 496 920 495 921 495 920 495 919 494 920 493 921 493 920 493 919 492 920 491 921 491 920 491 919 490 920 489 921 489 920 489 919 488 920 487 921 487 920 487 919 486 920 485 921 485 920 485 919 484 920 483 921 483 920 483 919 482 920 481 921 481 920 481 919 480 920 479 921 479 920 479 919 478 920 477 921 477 920 477 919 476 920 475 921 475 920 475 919 474 920 473 921 473 920 473 919 472 920 471 921 471 920 471 919 470 920 469 921 469 920 469 919 468 920 467 921 467 921 466 921 465 921 464 921 463 921 462 921 461 921 460 921 459 921 458 921 457 921 456 921 455 920 455 919 454 920 453 921 453 920 453 919 452 920 451 921 451 920 451 919 450 920 449 921 449 920 449 919 448 919 447 919 446 918 446 917 446 916 446 915 446 914 446 913 446 912 445 911 445 910 445 909 445 908 445 907 445 0 "NO_VALID_ADJACENT_EDGES: polygon=88,eligible_arcs=469,connection=83573,corner_or_extension=1543,direction_or_position_arc=24708,discontinuous_arc=12546,short_or_residual_arc=4097"
193 0 3 0 356 604.46875 443.265625 605.875 512.875 605.875 512.875 676.1875 510.765625 608 443 607 444 606 444 605 444 604 444 605 444 606 445 605 446 604 446 605 446 606 447 605 448 604 448 605 448 606 449 605 450 604 450 605 450 606 451 605 452 604 452 605 452 606 453 605 454 604 454 605 454 606 455 605 456 604 456 605 456 606 457 605 458 604 458 605 458 606 459 605 460 604 460 605 460 606 461 605 462 604 462 605 462 606 463 605 464 604 464 605 464 606 465 605 466 604 466 605 466 606 467 605 468 604 468 605 468 606 469 605 470 604 470 605 470 606 471 605 472 604 472 605 472 606 473 605 474 604 474 605 474 606 475 605 476 604 476 605 476 606 477 605 478 604 478 605 478 606 479 605 480 604 480 605 480 606 481 605 482 604 482 605 482 606 483 605 484 604 484 605 484 606 485 605 486 604 486 605 486 606 487 605 488 604 488 605 488 606 489 605 490 604 490 605 490 606 491 605 492 604 492 605 492 606 493 605 494 604 494 605 494 606 495 605 496 604 496 605 496 606 497 605 498 604 498 605 498 606 499 605 500 604 500 605 500 606 501 605 502 604 502 605 502 606 503 605 504 606 505 606 506 606 507 606 508 606 509 606 510 606 511 606 512 607 511 608 512 609 512 610 512 611 512 612 512 613 512 614 512 615 512 616 512 617 512 618 512 619 512 620 512 621 512 622 512 623 512 624 512 625 512 626 512 627 512 628 512 629 512 630 511 631 511 632 511 633 511 634 511 635 511 636 511 637 511 638 511 639 511 640 511 641 511 642 511 643 511 644 511 645 511 646 511 647 511 648 511 649 511 650 511 651 511 652 511 653 511 654 511 655 511 656 511 657 511 658 511 659 511 660 511 661 511 662 511 663 511 664 511 665 511 666 511 667 511 668 511 669 510 670 510 671 510 672 510 673 510 674 509 675 509 674 509 673 508 674 507 675 507 675 506 675 505 675 504 675 503 675 502 675 501 675 500 675 499 675 498 675 497 675 496 675 495 674 495 673 494 672 494 671 493 670 493 669 493 668 493 667 493 666 493 665 493 664 493 663 493 662 493 661 493 660 493 659 493 658 493 657 493 656 493 655 493 654 493 653 493 652 493 651 493 650 493 649 493 648 493 647 494 646 494 645 494 644 494 643 494 642 494 641 494 640 494 639 494 638 494 637 494 636 494 635 494 634 494 633 494 632 494 631 494 630 494 629 494 628 494 627 494 626 494 625 494 624 494 623 493 623 492 623 491 623 490 623 489 623 488 623 487 623 486 623 485 623 484 623 483 623 482 623 481 623 480 623 479 623 478 623 477 623 476 623 475 623 474 623 473 623 472 623 471 622 470 623 469 622 469 621 468 622 467 623 467 622 467 621 466 622 465 623 465 622 465 621 464 622 463 623 463 622 463 621 462 622 461 623 461 622 461 621 460 622 459 623 459 622 459 621 458 622 457 623 457 622 457 621 456 622 455 623 455 622 455 621 454 622 453 623 453 622 453 621 452 622 451 623 451 622 451 621 450 622 449 623 449 622 449 621 448 622 447 623 447 622 447 621 446 622 445 623 445 622 445 621 444 621 443 620 443 619 443 618 443 617 443 616 443 615 443 614 443 613 443 612 443 611 443 610 443 609 443 0 "NO_VALID_ADJACENT_EDGES: polygon=95,eligible_arcs=1001,connection=63888,direction_or_position_arc=21695,discontinuous_arc=15356,short_or_residual_arc=4178"
206 0 1 4 148 680.171875 326.359375 712 326.6875 712 326.6875 711.015625 359.5 683 326 682 327 681 327 680 327 679 328 678 328 679 328 680 329 679 330 678 330 679 331 678 332 678 333 678 334 678 335 678 336 678 337 678 338 678 339 678 340 679 340 680 341 680 342 680 343 681 343 682 344 683 344 684 344 685 344 686 344 687 344 688 344 689 344 690 344 691 344 692 345 692 346 692 347 692 348 692 349 692 350 692 351 692 352 693 353 692 354 693 354 694 355 694 356 694 357 695 357 696 358 697 358 698 358 699 358 700 358 701 358 702 358 703 358 704 358 705 358 706 358 707 358 708 358 709 358 710 357 711 357 712 357 713 357 713 356 713 355 713 354 713 353 713 352 714 351 715 351 714 351 713 350 714 349 715 349 714 349 713 348 714 347 715 347 714 347 713 346 714 345 715 345 714 345 713 344 714 343 715 343 714 343 713 342 714 341 715 341 714 341 713 340 714 339 715 339 714 339 713 338 714 337 715 337 714 336 715 335 714 335 713 334 714 333 715 333 714 333 713 332 714 331 715 331 714 331 713 330 714 329 715 329 714 329 713 328 712 328 711 327 710 327 709 327 708 327 707 326 706 326 705 326 704 326 703 326 702 326 701 326 700 326 699 326 698 326 697 326 696 326 695 326 694 326 693 326 692 326 691 326 690 326 689 326 688 326 687 326 686 326 685 326 684 326 0 "NO_VALID_ADJACENT_EDGES: polygon=35,eligible_arcs=49,direction_or_position_arc=4508,discontinuous_arc=1526,short_or_residual_arc=1399"
207 0 1 4 145 670.703125 322.140625 703.1875 321.8125 703.1875 321.8125 702.53125 354.625 685 323 684 324 683 324 682 324 681 324 680 324 679 324 678 324 677 324 676 324 675 324 674 324 673 324 672 324 671 324 670 324 669 324 668 324 668 325 668 326 668 327 668 328 668 329 668 330 668 331 668 332 668 333 668 334 668 335 668 336 668 337 668 338 668 339 668 340 669 340 670 341 671 341 672 341 673 341 674 341 675 341 676 341 677 341 678 341 679 341 680 342 681 342 682 343 682 344 682 345 682 346 682 347 682 348 682 349 682 350 682 351 682 352 682 353 683 353 684 354 685 354 686 355 687 355 688 355 689 355 690 355 691 355 692 355 693 355 694 355 695 355 696 355 697 355 698 355 699 355 700 354 701 354 701 353 701 352 702 351 703 351 702 351 701 350 702 349 703 349 702 349 701 348 702 347 703 347 702 347 701 346 702 345 703 345 702 345 701 344 702 343 703 343 702 343 701 342 702 341 703 341 702 341 701 340 702 339 703 339 702 339 701 338 702 337 703 337 702 337 701 336 702 335 703 335 702 334 703 333 702 333 701 332 702 331 703 331 702 331 701 330 702 329 703 329 702 329 701 328 702 327 703 327 702 327 701 326 701 325 700 325 699 324 698 324 697 324 696 324 695 324 694 324 693 323 692 323 691 323 690 323 689 323 688 323 687 323 686 323 0 "NO_VALID_ADJACENT_EDGES: polygon=33,eligible_arcs=43,connection=84,direction_or_position_arc=3509,discontinuous_arc=1508,short_or_residual_arc=1260"
215 0 0 3 319 468.53125 396.25 467.125 325.9375 467.125 325.9375 537.4375 322.421875 515 324 514 325 513 325 512 325 511 325 510 325 509 325 508 325 507 325 506 325 505 325 504 325 503 325 502 325 501 325 500 325 499 325 498 325 497 325 496 325 495 326 494 326 493 326 492 326 491 326 490 326 489 326 488 326 487 326 486 326 485 326 484 326 483 326 482 326 481 326 480 326 479 326 478 326 477 326 476 326 475 326 474 326 473 326 472 326 471 326 470 326 470 327 469 328 468 328 469 328 470 329 469 330 468 330 469 330 470 331 469 332 468 332 468 333 468 334 468 335 468 336 469 336 470 337 469 338 468 338 469 339 468 340 469 340 470 341 469 342 468 342 469 342 470 343 469 344 468 344 469 344 470 345 469 346 468 346 469 346 470 347 469 348 468 348 469 348 470 349 469 350 468 350 469 350 470 351 469 352 468 352 469 352 470 353 469 354 468 354 469 354 470 355 469 356 468 356 469 356 470 357 469 358 468 358 469 358 470 359 469 360 468 360 469 360 470 361 469 362 468 362 469 362 470 363 469 364 468 364 469 364 470 365 469 366 468 366 469 366 470 367 469 368 468 368 469 368 470 369 469 370 468 370 469 370 470 371 469 372 468 372 469 372 470 373 469 374 468 374 469 374 470 375 469 376 468 376 469 376 470 377 469 378 468 378 469 378 470 379 469 380 468 380 469 380 470 381 469 382 468 382 469 382 470 383 469 384 468 384 469 384 470 385 469 386 470 387 469 388 470 389 470 390 470 391 470 392 470 393 470 394 471 394 472 395 473 395 474 395 475 395 476 395 477 395 478 395 479 395 480 395 481 395 482 395 483 394 484 394 485 394 486 393 487 393 487 392 487 391 487 390 487 389 487 388 487 387 487 386 487 385 487 384 487 383 487 382 487 381 487 380 487 379 487 378 487 377 487 376 487 375 487 374 487 373 487 372 487 371 487 370 487 369 487 368 487 367 487 366 487 365 487 364 487 363 487 362 487 361 487 360 487 359 487 358 487 357 487 356 487 355 487 354 487 353 487 352 487 351 487 350 487 349 487 348 487 347 487 346 487 345 487 344 488 343 489 343 490 343 491 343 492 343 493 343 494 343 495 343 496 343 497 343 498 343 499 343 500 343 501 343 502 343 503 343 504 343 505 343 506 343 507 343 508 343 509 343 510 343 511 343 512 343 513 343 514 343 515 343 516 343 517 343 518 342 519 342 520 342 521 342 522 342 523 342 524 342 525 342 526 342 527 342 528 342 529 342 530 342 531 342 532 342 533 341 534 341 535 341 536 341 537 341 537 340 537 339 537 338 537 337 537 336 537 335 537 334 537 333 537 332 537 331 537 330 537 329 537 328 537 327 537 326 537 325 536 325 535 324 534 324 533 324 532 324 531 324 530 324 529 324 528 324 527 324 526 324 525 324 524 324 523 324 522 324 521 324 520 324 519 324 518 324 517 324 516 324 0 "NO_VALID_ADJACENT_EDGES: polygon=63,eligible_arcs=583,connection=136404,direction_or_position_arc=10571,discontinuous_arc=6241,short_or_residual_arc=4361"
226 0 1 3 144 567.0625 324.484375 598.5625 326.125 598.5625 326.125 596.265625 358.609375 568 324 568 325 567 326 566 326 566 327 566 328 566 329 566 330 566 331 566 332 566 333 565 334 564 334 565 334 566 335 565 336 564 336 565 336 566 337 566 338 566 339 566 340 567 340 568 341 569 341 570 341 571 341 572 341 573 341 574 342 575 342 576 342 577 342 578 343 578 344 578 345 578 346 578 347 578 348 578 349 578 350 578 351 578 352 579 352 580 353 579 354 578 354 579 354 580 355 581 355 582 355 583 355 584 356 585 356 586 356 587 356 588 356 589 356 590 356 591 356 592 356 593 356 594 355 595 355 596 355 597 355 597 354 598 353 599 353 599 352 599 351 599 350 599 349 599 348 599 347 599 346 599 345 599 344 600 343 601 343 600 343 599 342 600 341 601 341 600 341 599 340 600 339 601 339 600 339 599 338 600 337 601 337 600 337 599 336 600 335 601 335 600 335 599 334 600 333 601 333 600 333 599 332 600 331 601 331 600 331 599 330 600 329 601 329 600 329 599 328 600 327 601 327 600 327 599 326 598 326 597 325 596 325 595 325 594 325 593 324 592 324 591 324 590 324 589 324 588 324 587 324 586 324 585 324 584 324 583 324 582 324 581 324 580 324 579 324 578 324 577 324 576 324 575 324 574 324 573 324 572 324 571 324 570 324 569 324 0 "NO_VALID_ADJACENT_EDGES: polygon=34,eligible_arcs=88,connection=3870,direction_or_position_arc=4748,discontinuous_arc=1712,short_or_residual_arc=1284"
228 0 1 3 143 539.6875 327.953125 571.1875 328.9375 571.1875 328.9375 569.546875 361.09375 542 326 542 327 541 328 540 328 539 328 538 328 538 329 538 330 538 331 538 332 538 333 538 334 538 335 538 336 538 337 538 338 538 339 538 340 538 341 538 342 539 342 540 343 541 343 542 343 543 343 544 343 545 343 546 343 547 343 548 344 549 344 550 344 551 344 552 345 552 346 552 347 552 348 552 349 552 350 552 351 552 352 552 353 552 354 552 355 552 356 553 356 554 357 555 357 556 357 557 357 558 357 559 357 560 357 561 357 562 357 563 357 564 357 565 357 566 357 567 357 568 357 569 357 570 357 571 357 571 356 572 355 573 355 573 354 573 353 573 352 573 351 573 350 574 349 575 349 574 349 573 348 574 347 575 347 574 347 573 346 574 345 575 345 574 345 573 344 574 343 575 343 574 343 573 342 574 341 575 341 574 341 573 340 574 339 575 339 574 339 573 338 574 337 575 337 574 337 573 336 574 335 575 335 575 334 575 333 575 332 575 331 574 331 573 330 574 329 575 329 574 329 573 328 573 327 572 327 571 326 570 326 569 326 568 326 567 326 566 326 565 326 564 326 563 326 562 326 561 326 560 326 559 326 558 326 557 326 556 326 555 326 554 326 553 326 552 326 551 326 550 326 549 326 548 326 547 326 546 326 545 326 544 326 543 326 0 "NO_VALID_ADJACENT_EDGES: polygon=28,eligible_arcs=48,direction_or_position_arc=3216,discontinuous_arc=1041,short_or_residual_arc=1245"
234 0 3 0 317 306.953125 442.5625 306.25 512.875 306.25 512.875 373.046875 511.46875 308 443 307 444 306 444 305 444 304 444 303 444 302 444 303 444 304 445 303 446 302 446 302 447 302 448 302 449 302 450 302 451 302 452 302 453 302 454 302 455 302 456 302 457 302 458 302 459 302 460 302 461 302 462 302 463 302 464 302 465 301 466 300 466 301 466 302 467 302 468 302 469 301 470 300 470 301 470 302 471 301 472 300 472 301 472 302 473 301 474 300 474 301 474 302 475 301 476 300 476 301 476 302 477 301 478 300 478 301 478 302 479 301 480 300 480 301 480 302 481 301 482 300 482 301 482 302 483 301 484 300 484 301 484 302 485 301 486 300 486 301 486 302 487 301 488 300 488 301 488 302 489 301 490 300 490 301 490 302 491 301 492 300 492 300 493 300 494 300 495 300 496 300 497 300 498 301 498 302 499 301 500 300 500 301 501 300 502 301 502 302 503 301 504 300 504 301 504 302 505 301 506 300 506 301 506 302 507 302 508 302 509 302 510 303 510 304 511 305 511 306 511 307 511 308 511 309 511 310 511 311 511 312 511 313 511 314 511 315 511 316 511 317 511 318 511 319 511 320 511 321 511 322 511 323 511 324 511 325 511 326 511 327 511 328 511 329 511 330 511 331 511 332 511 333 511 334 511 335 511 336 511 337 511 338 511 339 511 340 511 341 511 342 511 343 511 344 511 345 511 346 511 347 511 348 511 349 511 350 511 351 511 352 511 353 511 354 511 355 511 356 511 357 511 358 511 359 511 360 510 361 510 362 510 363 510 364 510 365 510 366 510 367 510 368 509 369 509 370 509 371 509 371 508 372 507 373 507 372 507 371 506 372 505 373 505 372 505 371 504 372 503 373 503 372 503 371 502 372 501 373 501 372 501 371 500 372 499 373 499 372 499 371 498 372 497 373 497 372 497 371 496 371 495 371 494 370 494 369 494 368 494 367 494 366 494 365 494 364 493 363 493 362 493 361 493 360 493 359 493 358 493 357 493 356 493 355 493 354 493 353 493 352 493 351 493 350 493 349 493 348 494 347 494 346 494 345 494 344 494 343 494 342 494 341 494 340 494 339 494 338 494 337 494 336 494 335 494 334 494 333 494 332 494 331 494 330 494 329 494 328 494 327 494 326 494 325 493 324 493 323 492 323 491 322 491 321 490 322 489 323 489 322 489 321 488 322 487 323 487 322 487 321 486 322 485 323 485 322 485 321 484 321 483 321 482 321 481 321 480 321 479 321 478 321 477 321 476 321 475 321 474 321 473 321 472 321 471 321 470 321 469 321 468 321 467 321 466 321 465 321 464 321 463 321 462 321 461 321 460 321 459 321 458 321 457 321 456 321 455 321 454 321 453 321 452 321 451 321 450 321 449 321 448 321 447 321 446 321 445 320 445 319 444 318 444 317 443 316 443 315 443 314 443 313 443 312 443 311 443 310 443 309 443 0 "NO_VALID_ADJACENT_EDGES: polygon=65,eligible_arcs=443,connection=59760,direction_or_position_arc=13003,discontinuous_arc=6436,short_or_residual_arc=3070"
239 0 1 4 158 402.8125 323.640625 434.3125 323.3125 434.3125 323.3125 433.328125 356.125 408 325 407 326 406 326 405 326 404 326 403 326 402 326 402 327 401 328 400 328 401 328 402 329 401 330 400 330 401 330 402 331 401 332 400 332 401 332 402 333 401 334 400 334 401 334 402 335 401 336 400 336 401 336 402 337 401 338 400 338 401 338 402 339 401 340 400 340 401 340 402 341 402 342 403 342 404 343 405 343 406 343 407 343 408 343 409 343 410 343 411 343 412 343 413 343 414 344 414 345 414 346 414 347 414 348 414 349 414 350 414 351 414 352 415 352 416 353 415 354 414 354 415 354 416 355 416 356 417 356 418 356 419 356 420 356 421 356 422 356 423 356 424 356 425 356 426 356 427 356 428 356 429 356 430 356 431 356 432 355 433 355 433 354 434 353 435 353 434 353 433 352 434 351 435 351 434 351 433 350 434 349 435 349 434 349 433 348 434 347 435 347 434 347 433 346 434 345 435 345 434 345 433 344 434 343 435 343 434 343 433 342 434 341 435 341 434 341 433 340 434 339 435 339 434 339 433 338 434 337 435 337 434 336 435 335 434 335 433 334 434 333 435 333 435 332 435 331 434 331 433 330 434 329 435 329 434 329 433 328 434 327 435 327 434 327 433 326 432 326 431 326 430 326 429 325 428 325 427 325 426 325 425 325 424 325 423 325 422 325 421 325 420 325 419 325 418 325 417 325 416 325 415 325 414 325 413 325 412 325 411 325 410 325 409 326 0 "NO_VALID_ADJACENT_EDGES: polygon=48,eligible_arcs=73,connection=144,direction_or_position_arc=7523,discontinuous_arc=3265,short_or_residual_arc=1795"
245 0 1 3 148 347.6875 326.546875 379.1875 326.875 379.1875 326.875 377.546875 359.359375 350 327 349 328 348 328 347 328 346 328 346 329 345 330 344 330 345 330 346 331 345 332 344 332 345 332 346 333 345 334 344 334 345 334 346 335 345 336 344 336 345 336 346 337 345 338 344 338 345 338 346 339 345 340 344 340 345 340 346 341 345 342 346 343 346 344 347 344 348 344 349 344 350 344 351 344 352 344 353 344 354 344 355 344 356 345 357 345 358 346 358 347 358 348 358 349 358 350 358 351 358 352 358 353 358 354 358 355 358 356 359 356 360 357 360 358 361 358 362 358 363 358 364 358 365 358 366 358 367 358 368 358 369 358 370 358 371 358 372 358 373 358 374 357 375 357 376 357 377 357 377 356 377 355 377 354 377 353 377 352 378 351 379 351 378 351 377 350 378 349 379 349 378 349 377 348 378 347 379 347 378 347 377 346 378 345 379 345 378 345 377 344 378 343 379 343 378 343 377 342 378 341 379 341 378 341 377 340 378 339 379 339 378 338 379 337 379 336 379 335 379 334 379 333 378 333 377 332 378 331 379 331 378 331 377 330 378 329 379 329 378 329 377 328 376 328 375 327 374 327 373 327 372 327 371 327 370 327 369 327 368 327 367 327 366 327 365 327 364 327 363 327 362 327 361 327 360 327 359 327 358 327 357 327 356 327 355 327 354 327 353 327 352 327 351 327 0 "NO_VALID_ADJACENT_EDGES: polygon=38,eligible_arcs=63,direction_or_position_arc=5334,discontinuous_arc=2151,short_or_residual_arc=1382"
246 0 1 3 150 335.5 328.234375 367 328.5625 367 328.5625 365.6875 360.71875 340 327 339 328 338 328 337 328 336 328 336 329 335 330 334 330 335 330 336 331 335 332 334 332 335 332 336 333 335 334 334 334 335 334 336 335 335 336 334 336 335 336 336 337 335 338 334 338 335 338 336 339 335 340 334 340 335 340 336 341 335 342 334 342 335 342 336 343 336 344 337 344 338 344 339 344 340 344 341 344 342 344 343 345 344 344 345 345 346 345 347 345 348 346 348 347 348 348 348 349 348 350 348 351 348 352 348 353 348 354 348 355 348 356 349 356 350 357 350 358 351 358 352 358 353 358 354 358 355 358 356 358 357 358 358 358 359 358 360 358 361 358 362 358 363 358 364 357 365 357 366 357 367 357 367 356 367 355 367 354 367 353 367 352 368 351 369 351 368 351 367 350 368 349 369 349 368 349 367 348 368 347 369 347 368 347 367 346 368 345 369 345 368 345 367 344 368 343 369 343 368 343 367 342 368 341 369 341 368 341 367 340 368 339 369 339 368 338 369 337 369 336 369 335 369 334 369 333 368 333 367 332 368 331 369 331 368 331 367 330 368 329 369 329 368 329 367 328 366 328 365 327 364 327 363 327 362 327 361 327 360 327 359 327 358 327 357 327 356 327 355 327 354 327 353 327 352 327 351 327 350 327 349 327 348 327 347 327 346 327 345 327 344 327 343 327 342 327 341 327 0 "NO_VALID_ADJACENT_EDGES: polygon=39,eligible_arcs=63,direction_or_position_arc=5518,discontinuous_arc=2385,short_or_residual_arc=1540"
261 0 1 4 130 176.125 330.25 207.625 330.25 207.625 330.25 206.96875 361.75 184 325 183 326 182 326 181 326 180 326 179 326 178 326 178 327 177 328 176 328 176 329 176 330 176 331 176 332 176 333 176 334 176 335 176 336 176 337 176 338 176 339 176 340 177 340 178 341 178 342 179 342 180 342 181 342 182 342 183 342 184 342 185 342 186 342 187 342 188 343 189 343 190 344 190 345 190 346 190 347 190 348 190 349 190 350 190 351 190 352 190 353 190 354 191 354 192 355 193 355 194 356 195 356 196 356 197 356 198 356 199 356 200 355 201 355 202 355 203 355 204 355 205 355 206 355 207 355 207 354 207 353 207 352 208 351 209 351 208 351 207 350 208 349 209 349 208 349 207 348 208 347 209 347 208 347 207 346 208 345 209 345 208 345 207 344 208 343 209 343 208 343 207 342 208 341 209 341 209 340 209 339 209 338 209 337 209 336 209 335 208 334 209 333 208 332 209 331 208 330 209 329 208 329 207 328 208 327 209 327 208 327 207 326 207 325 206 325 205 325 204 325 203 325 202 325 201 325 200 325 199 325 198 325 197 325 196 325 195 325 194 325 193 325 192 325 191 325 190 325 189 325 188 325 187 325 186 325 185 325 0 "NO_VALID_ADJACENT_EDGES: polygon=25,eligible_arcs=81,direction_or_position_arc=3357,discontinuous_arc=757,short_or_residual_arc=917"
278 0 2 1 318 199.9375 438.671875 199.9375 506.875 199.9375 506.875 131.734375 508.984375 184 440 184 441 183 442 182 442 183 442 184 443 183 444 182 444 182 445 182 446 182 447 182 448 182 449 182 450 182 451 182 452 182 453 182 454 182 455 182 456 182 457 182 458 182 459 182 460 182 461 182 462 182 463 182 464 182 465 182 466 182 467 182 468 182 469 182 470 182 471 182 472 182 473 182 474 183 474 184 475 183 476 182 476 182 477 182 478 182 479 182 480 182 481 182 482 182 483 182 484 182 485 182 486 182 487 182 488 182 489 181 490 180 490 179 491 178 491 177 491 176 491 175 491 174 491 173 491 172 491 171 491 170 491 169 491 168 491 167 491 166 491 165 491 164 491 163 491 162 492 161 492 160 492 159 492 158 492 157 492 156 492 155 492 154 492 153 492 152 492 151 492 150 492 149 492 148 492 147 492 146 492 145 492 144 492 143 492 142 492 141 492 140 492 139 492 138 492 137 492 136 492 135 492 134 492 134 493 133 494 132 494 132 495 132 496 132 497 132 498 132 499 132 500 132 501 132 502 132 503 132 504 132 505 132 506 133 506 134 507 133 508 132 508 133 508 134 509 135 509 136 509 137 509 138 509 139 509 140 509 141 509 142 509 143 509 144 509 145 509 146 509 147 509 148 509 149 509 150 509 151 509 152 509 153 509 154 509 155 509 156 509 157 509 158 509 159 509 160 509 161 509 162 509 163 509 164 509 165 509 166 509 167 509 168 509 169 509 170 509 171 509 172 509 173 509 174 509 175 509 176 509 177 509 178 509 179 508 180 509 181 509 182 509 183 509 184 508 185 508 186 508 187 508 188 508 189 508 190 508 191 508 192 508 193 508 194 508 195 508 196 507 197 507 198 507 199 507 199 506 200 505 201 505 200 505 199 504 200 503 201 503 200 503 199 502 200 501 201 501 200 501 199 500 200 499 201 499 200 499 199 498 200 497 201 497 200 497 199 496 200 495 201 495 201 494 201 493 200 493 199 492 200 491 201 491 201 490 201 489 201 488 201 487 201 486 201 485 201 484 201 483 200 483 199 482 200 481 201 481 200 481 199 480 200 479 201 479 200 479 199 478 200 477 201 477 200 477 199 476 200 475 201 475 201 474 201 473 200 472 201 471 200 471 199 470 200 469 201 469 200 469 199 468 200 467 201 467 200 467 199 466 200 465 201 465 200 464 201 463 200 463 199 462 200 461 201 461 200 461 199 460 200 459 201 459 200 459 199 458 200 457 201 457 200 457 199 456 200 455 201 455 200 455 199 454 200 453 201 453 200 453 199 452 200 451 201 451 200 451 199 450 200 449 201 449 200 449 199 448 200 447 201 447 200 447 199 446 200 445 201 445 200 445 199 444 200 443 201 443 200 443 199 442 199 441 199 440 198 440 197 440 196 440 195 440 194 440 193 440 192 440 191 440 190 440 189 440 188 440 187 440 186 440 185 440 0 "NO_VALID_ADJACENT_EDGES: polygon=69,eligible_arcs=90,connection=2002,direction_or_position_arc=15877,discontinuous_arc=6287,short_or_residual_arc=5136"
280 0 3 0 309 35.921875 444.953125 36.625 514.5625 36.625 514.5625 103.421875 511.75 38 444 37 445 36 445 35 446 34 446 34 447 34 448 34 449 34 450 34 451 34 452 34 453 34 454 34 455 34 456 34 457 34 458 34 459 34 460 34 461 33 462 32 462 33 462 34 463 33 464 32 464 33 464 34 465 33 466 32 466 33 466 34 467 33 468 32 468 33 468 34 469 33 470 32 470 33 470 34 471 33 472 32 472 33 472 34 473 33 474 32 474 33 474 34 475 33 476 32 476 33 476 34 477 33 478 32 478 33 478 34 479 33 480 32 480 33 480 34 481 33 482 32 482 33 482 34 483 33 484 32 484 33 484 34 485 33 486 32 486 33 486 34 487 33 488 32 488 33 488 34 489 33 490 32 490 33 491 32 492 33 492 34 493 33 494 32 494 32 495 32 496 32 497 32 498 32 499 32 500 32 501 32 502 32 503 32 504 33 504 34 505 33 506 32 506 33 506 34 507 33 508 32 508 33 508 34 509 34 510 34 511 35 511 36 512 37 512 38 512 39 512 40 512 41 512 42 512 43 512 44 512 45 512 46 512 47 512 48 512 49 512 50 512 51 512 52 512 53 512 54 511 55 511 56 511 57 511 58 511 59 511 60 511 61 511 62 511 63 511 64 511 65 511 66 511 67 511 68 511 69 511 70 511 71 511 72 511 73 511 74 511 75 511 76 511 77 511 78 511 79 511 80 511 81 511 82 511 83 511 84 511 85 511 86 511 87 511 88 511 89 511 90 511 91 511 92 511 93 511 94 510 95 510 96 510 97 510 98 509 99 509 99 508 100 507 101 507 100 507 99 506 100 505 101 505 100 505 99 504 100 503 101 503 100 503 99 502 100 501 101 501 100 501 99 500 100 499 101 499 100 499 99 498 100 497 101 497 100 497 99 496 99 495 99 494 98 494 97 494 96 494 95 494 94 494 93 494 92 494 91 494 90 494 89 494 88 494 87 494 86 494 85 494 84 494 83 494 82 494 81 494 80 494 79 494 78 494 77 494 76 494 75 494 74 494 73 494 72 494 71 494 70 494 69 494 68 494 67 494 66 494 65 494 64 494 63 494 62 494 61 494 60 494 59 494 58 494 57 494 56 494 55 494 54 494 53 494 52 494 51 493 51 492 51 491 51 490 51 489 51 488 51 487 51 486 51 485 51 484 51 483 51 482 51 481 51 480 51 479 51 478 51 477 51 476 51 475 51 474 51 473 51 472 51 471 51 470 51 469 51 468 51 467 51 466 51 465 51 464 51 463 51 462 51 461 51 460 51 459 51 458 51 457 51 456 51 455 51 454 51 453 51 452 51 451 50 451 49 450 50 449 51 449 50 449 49 448 50 447 51 447 50 447 49 446 49 445 48 445 47 444 46 444 45 444 44 444 43 444 42 444 41 444 40 444 39 444 0 "NO_VALID_ADJACENT_EDGES: polygon=63,eligible_arcs=137,connection=8624,direction_or_position_arc=11646,discontinuous_arc=5872,short_or_residual_arc=3225"
291 0 1 5 152 250 328.234375 281.5 328.5625 281.5 328.5625 280.1875 360.71875 256 327 255 328 254 328 253 328 252 328 251 328 250 328 250 329 249 330 248 330 249 330 250 331 249 332 248 332 249 332 250 333 249 334 248 334 249 334 250 335 249 336 248 336 249 336 250 337 249 338 248 338 249 338 250 339 249 340 248 340 249 340 250 341 249 342 248 342 249 342 250 343 250 344 251 344 252 345 253 345 254 345 255 345 256 345 257 345 258 345 259 345 260 345 261 345 262 346 262 347 262 348 262 349 262 350 262 351 262 352 262 353 262 354 262 355 262 356 263 356 264 357 264 358 265 358 266 358 267 358 268 358 269 358 270 358 271 358 272 358 273 358 274 358 275 358 276 358 277 358 278 357 279 357 279 356 279 355 279 354 280 353 281 353 280 353 279 352 280 351 281 351 280 351 279 350 280 349 281 349 280 349 279 348 280 347 281 347 280 347 279 346 280 345 281 345 280 345 279 344 280 343 281 343 280 343 279 342 280 341 281 341 280 341 279 340 280 339 281 339 280 339 279 338 280 337 281 337 280 337 279 336 280 335 281 335 281 334 281 333 280 333 279 332 280 331 281 331 280 331 279 330 280 329 281 329 280 329 279 328 278 328 277 327 276 327 275 327 274 327 273 327 272 327 271 327 270 327 269 327 268 327 267 327 266 327 265 327 264 327 263 327 262 327 261 327 260 327 259 327 258 327 257 327 0 "NO_VALID_ADJACENT_EDGES: polygon=46,eligible_arcs=77,connection=720,direction_or_position_arc=6532,discontinuous_arc=3218,short_or_residual_arc=1945"
297 0 1 5 149 298.9375 322.609375 330.4375 321.625 330.4375 321.625 330.109375 354.109375 306 323 305 324 304 324 303 324 302 324 301 324 300 324 299 324 298 324 298 325 298 326 298 327 297 328 296 328 297 328 298 329 297 330 296 330 297 330 298 331 297 332 296 332 297 332 298 333 298 334 298 335 298 336 298 337 298 338 298 339 298 340 299 340 300 341 301 340 302 341 303 341 304 341 305 341 306 341 307 341 308 341 309 341 310 342 311 342 312 343 311 344 310 344 311 344 312 345 311 346 310 346 311 346 312 347 311 348 310 348 311 348 312 349 312 350 312 351 312 352 312 353 313 353 314 354 315 354 316 354 317 354 318 354 319 354 320 354 321 354 322 354 323 354 324 353 325 353 326 353 327 353 328 353 329 353 329 352 330 351 331 351 330 351 329 350 330 349 331 349 330 349 329 348 330 347 331 347 330 347 329 346 330 345 331 345 330 345 329 344 330 343 331 343 330 343 329 342 330 341 331 341 330 341 329 340 330 339 331 339 330 339 329 338 330 337 331 337 330 336 331 335 331 334 331 333 331 332 331 331 330 330 331 329 330 329 329 328 330 327 331 327 330 327 329 326 330 325 331 325 330 325 329 324 328 324 327 323 326 323 325 323 324 323 323 323 322 323 321 323 320 323 319 323 318 323 317 323 316 323 315 323 314 323 313 323 312 323 311 323 310 323 309 323 308 323 307 324 0 "NO_VALID_ADJACENT_EDGES: polygon=41,eligible_arcs=62,direction_or_position_arc=5549,discontinuous_arc=2462,short_or_residual_arc=1433"
299 0 1 5 139 317.078125 323.96875 348.25 323.3125 348.25 323.3125 347.921875 355.796875 324 323 323 324 322 324 321 324 320 324 319 324 318 324 318 325 317 326 316 326 317 326 318 327 317 328 316 328 316 329 316 330 316 331 316 332 316 333 316 334 317 335 316 336 317 336 318 337 317 338 316 338 317 338 318 339 318 340 319 340 320 340 321 340 322 341 323 341 324 341 325 341 326 341 327 341 328 341 329 341 330 342 330 343 330 344 330 345 330 346 330 347 330 348 330 349 330 350 331 350 332 351 332 352 332 353 333 353 334 354 335 354 336 354 337 354 338 354 339 354 340 354 341 354 342 354 343 354 344 353 345 353 346 353 347 353 348 353 349 353 349 352 350 351 349 350 350 349 351 349 350 349 349 348 350 347 351 347 350 347 349 346 350 345 351 345 350 345 349 344 350 343 351 343 351 342 351 341 350 340 351 339 350 338 351 337 351 336 351 335 351 334 351 333 350 333 349 332 350 331 351 331 350 331 349 330 350 329 351 329 350 329 349 328 350 327 351 327 350 327 349 326 350 325 351 325 350 325 349 324 348 324 347 323 346 323 345 323 344 323 343 323 342 323 341 323 340 323 339 323 338 323 337 323 336 323 335 323 334 323 333 323 332 323 331 323 330 323 329 323 328 323 327 323 326 323 325 323 0 "NO_VALID_ADJACENT_EDGES: polygon=32,eligible_arcs=86,connection=656,direction_or_position_arc=4689,discontinuous_arc=1206,short_or_residual_arc=1159"
300 0 2 1 316 356.875 439.328125 356.875 508.9375 356.875 508.9375 290.78125 510.34375 353 438 352 439 351 439 350 439 349 439 348 439 347 439 346 439 345 440 344 440 343 440 342 440 342 441 342 442 342 443 342 444 342 445 342 446 342 447 342 448 342 449 342 450 342 451 342 452 342 453 341 454 342 455 342 456 342 457 342 458 342 459 341 460 342 461 341 462 342 463 342 464 342 465 342 466 342 467 342 468 342 469 342 470 342 471 342 472 342 473 342 474 342 475 342 476 342 477 342 478 342 479 342 480 342 481 342 482 342 483 341 484 340 484 341 484 342 485 341 486 340 486 341 486 342 487 341 488 340 488 340 489 339 490 338 490 337 490 336 490 335 490 334 490 333 490 332 490 331 490 330 490 329 490 328 490 327 490 326 490 325 490 324 490 323 490 322 490 321 490 320 490 319 490 318 490 317 490 316 490 315 490 314 490 313 490 312 491 311 491 310 491 309 491 308 491 307 491 306 491 305 491 304 491 303 491 302 491 301 491 300 491 299 491 298 492 297 492 296 492 295 492 294 492 293 492 292 492 292 493 291 494 290 494 291 494 292 495 291 496 290 496 291 496 292 497 291 498 290 498 291 498 292 499 291 500 290 500 291 500 292 501 291 502 290 502 291 502 292 503 292 504 292 505 292 506 292 507 292 508 293 508 294 508 295 508 296 508 297 508 298 509 299 509 300 509 301 509 302 509 303 509 304 509 305 509 306 508 307 508 308 508 309 508 310 508 311 508 312 508 313 508 314 508 315 508 316 508 317 508 318 508 319 508 320 508 321 508 322 508 323 508 324 508 325 508 326 508 327 508 328 508 329 508 330 508 331 508 332 508 333 508 334 508 335 508 336 508 337 508 338 508 339 508 340 508 341 508 342 508 343 508 344 508 345 507 346 507 347 507 348 507 349 507 350 507 351 507 352 507 353 507 354 507 355 507 356 507 357 507 358 507 359 507 359 506 360 505 361 505 361 504 361 503 361 502 361 501 361 500 361 499 361 498 362 497 363 497 362 497 361 496 362 495 363 495 362 495 361 494 362 493 363 493 362 493 361 492 362 491 363 491 362 491 361 490 362 489 363 489 362 489 361 488 362 487 363 487 362 487 361 486 362 485 363 485 362 485 361 484 362 483 363 483 362 483 361 482 362 481 363 481 362 481 361 480 362 479 363 479 362 479 361 478 362 477 363 477 362 477 361 476 362 475 363 475 362 475 361 474 362 473 363 473 362 473 361 472 361 471 361 470 362 469 363 469 362 469 361 468 362 467 363 467 362 467 361 466 362 465 363 465 362 465 361 464 361 463 361 462 361 461 361 460 362 459 363 459 362 459 361 458 361 457 361 456 361 455 361 454 361 453 361 452 361 451 361 450 361 449 361 448 361 447 361 446 361 445 361 444 361 443 361 442 361 441 361 440 360 440 359 439 358 439 357 439 356 439 355 438 354 438 0 "NO_VALID_ADJACENT_EDGES: polygon=62,eligible_arcs=323,connection=45238,corner_or_extension=766,direction_or_position_arc=13729,discontinuous_arc=6580,short_or_residual_arc=3238"
305 0 1 3 144 386.640625 326.453125 419.125 327.4375 419.125 327.4375 416.828125 359.59375 384 326 384 327 383 328 382 328 382 329 382 330 382 331 382 332 382 333 382 334 382 335 382 336 382 337 382 338 382 339 382 340 382 341 382 342 383 342 384 343 385 343 386 343 387 343 388 343 389 343 390 343 391 343 392 343 393 343 394 344 395 344 396 345 395 346 394 346 395 346 396 347 395 348 394 348 395 348 396 349 395 350 394 350 395 350 396 351 395 352 394 352 395 352 396 353 395 354 394 354 395 354 396 355 396 356 397 356 398 357 399 357 400 357 401 357 402 357 403 357 404 357 405 357 406 357 407 357 408 357 409 357 410 357 411 357 411 356 412 355 413 355 413 354 413 353 413 352 413 351 413 350 413 349 413 348 414 347 415 347 414 347 413 346 414 345 415 345 414 345 413 344 414 343 415 343 414 343 413 342 414 341 415 341 414 341 413 340 414 339 415 339 414 339 413 338 414 337 415 337 414 337 413 336 414 335 415 335 414 334 415 333 414 332 415 331 414 331 413 330 414 329 415 329 414 329 413 328 413 327 413 326 412 326 411 326 410 326 409 326 408 326 407 326 406 326 405 326 404 326 403 326 402 326 401 326 400 326 399 326 398 326 397 326 396 326 395 326 394 326 393 326 392 326 391 326 390 326 389 326 388 326 387 326 386 326 385 326 0 "NO_VALID_ADJACENT_EDGES: polygon=36,eligible_arcs=72,connection=1534,direction_or_position_arc=4458,discontinuous_arc=1802,short_or_residual_arc=1150"
307 0 1 3 140 397.28125 324.765625 429.4375 325.75 429.4375 325.75 427.140625 358.234375 398 325 397 326 396 326 396 327 395 328 394 328 395 328 396 329 395 330 394 330 394 331 394 332 394 333 394 334 394 335 394 336 394 337 394 338 394 339 394 340 395 340 396 341 396 342 397 342 398 342 399 342 400 343 401 343 402 343 403 343 404 343 405 343 406 343 407 343 408 344 408 345 408 346 408 347 408 348 408 349 408 350 408 351 408 352 408 353 408 354 408 355 408 356 409 356 410 356 411 356 412 357 413 357 414 357 415 357 416 357 417 357 418 357 419 357 420 357 421 357 422 356 423 357 423 356 424 355 425 355 425 354 425 353 425 352 425 351 425 350 425 349 425 348 425 347 425 346 426 345 427 345 426 345 425 344 426 343 427 343 426 343 425 342 426 341 427 341 426 341 425 340 426 339 427 339 426 339 425 338 426 337 427 337 426 337 425 336 426 335 427 335 426 335 425 334 426 333 427 333 426 333 425 332 426 331 427 331 426 331 425 330 426 329 427 329 426 329 425 328 426 327 427 327 426 327 425 326 424 326 423 326 422 326 421 326 420 326 419 326 418 326 417 326 416 326 415 325 414 325 413 325 412 325 411 325 410 325 409 325 408 325 407 325 406 325 405 325 404 325 403 325 402 325 401 325 400 325 399 325 0 "NO_VALID_ADJACENT_EDGES: polygon=31,eligible_arcs=89,connection=3960,direction_or_position_arc=3837,discontinuous_arc=1468,short_or_residual_arc=1086"
322 0 2 1 334 525.0625 438.8125 525.0625 509.125 525.0625 509.125 458.265625 510.53125 514 439 513 440 512 440 511 440 510 440 510 441 510 442 510 443 509 444 508 444 509 444 510 445 509 446 508 446 509 446 510 447 509 448 508 448 508 449 508 450 508 451 508 452 508 453 508 454 508 455 508 456 508 457 508 458 508 459 508 460 508 461 508 462 508 463 508 464 508 465 508 466 508 467 508 468 508 469 508 470 509 470 510 471 509 472 508 472 509 472 510 473 510 474 510 475 509 476 508 476 509 476 510 477 509 478 508 478 508 479 508 480 509 480 510 481 509 482 508 482 509 482 510 483 509 484 508 484 508 485 508 486 508 487 508 488 508 489 507 490 506 490 505 490 504 490 503 490 502 490 501 490 500 490 499 490 498 490 497 491 496 491 495 491 494 491 493 491 492 491 491 491 490 491 489 491 488 491 487 491 486 491 485 491 484 491 483 491 482 491 481 491 480 491 479 491 478 491 477 491 476 491 475 491 474 491 473 491 472 491 471 491 470 491 469 492 468 492 467 492 466 492 465 492 464 492 463 492 462 492 461 492 460 492 460 493 459 494 458 494 458 495 458 496 458 497 458 498 458 499 458 500 458 501 458 502 458 503 458 504 458 505 458 506 458 507 459 506 460 507 460 508 461 508 462 509 463 509 464 509 465 509 466 509 467 509 468 509 469 509 470 509 471 509 472 509 473 509 474 509 475 509 476 509 477 509 478 509 479 509 480 509 481 509 482 509 483 509 484 509 485 509 486 509 487 509 488 509 489 509 490 509 491 509 492 509 493 509 494 509 495 509 496 509 497 509 498 509 499 509 500 509 501 509 502 509 503 508 504 508 505 508 506 508 507 508 508 508 509 508 510 508 511 508 512 508 513 508 514 508 515 508 516 508 517 508 518 508 519 508 520 508 521 508 522 508 523 508 524 508 525 507 526 507 527 507 528 507 529 507 529 506 529 505 529 504 530 503 531 503 530 503 529 502 530 501 531 501 530 501 529 500 530 499 531 499 530 499 529 498 530 497 531 497 530 497 529 496 530 495 531 495 531 494 531 493 531 492 531 491 531 490 531 489 531 488 531 487 530 487 529 486 530 485 531 485 530 485 529 484 530 483 531 483 530 483 529 482 530 481 531 481 530 481 529 480 530 479 531 479 530 479 529 478 530 477 531 477 530 477 529 476 530 475 531 475 530 475 529 474 530 473 531 473 530 473 529 472 530 471 531 471 530 471 529 470 530 469 531 469 530 469 529 468 530 467 531 467 530 467 529 466 530 465 531 465 530 465 529 464 530 463 531 463 530 463 529 462 530 461 531 461 530 461 529 460 530 459 531 459 530 459 529 458 530 457 531 457 530 457 529 456 530 455 531 455 530 455 529 454 530 453 531 453 530 453 529 452 530 451 531 451 530 451 529 450 530 449 531 449 530 449 529 448 529 447 529 446 529 445 529 444 529 443 529 442 529 441 529 440 528 440 527 440 526 439 525 439 524 439 523 439 522 439 521 439 520 439 519 439 518 439 517 439 516 439 515 439 0 "NO_VALID_ADJACENT_EDGES: polygon=80,eligible_arcs=401,connection=72080,direction_or_position_arc=21402,discontinuous_arc=9682,short_or_residual_arc=4425"
332 0 2 0 311 649.796875 443.875 647.6875 514.1875 647.6875 514.1875 580.1875 513.484375 643 443 642 444 641 444 640 444 639 444 638 444 637 444 636 444 636 445 635 446 634 446 634 447 634 448 634 449 634 450 634 451 634 452 634 453 634 454 634 455 634 456 634 457 634 458 634 459 634 460 634 461 634 462 634 463 634 464 634 465 634 466 634 467 634 468 634 469 634 470 634 471 634 472 634 473 634 474 634 475 634 476 634 477 634 478 634 479 634 480 634 481 634 482 634 483 634 484 634 485 634 486 634 487 633 488 632 488 633 488 634 489 633 490 632 490 633 490 634 491 633 492 632 492 632 493 631 494 630 494 629 494 628 494 627 494 626 494 625 494 624 494 623 494 622 494 621 494 620 494 619 495 618 494 617 494 616 494 615 494 614 494 613 494 612 494 611 494 610 494 609 494 608 494 607 494 606 494 605 494 604 494 603 494 602 494 601 494 600 494 599 494 598 494 597 494 596 494 595 494 594 494 593 494 592 494 591 495 590 495 589 495 588 495 587 495 586 495 585 495 584 495 583 496 582 496 582 497 582 498 582 499 582 500 582 501 582 502 582 503 582 504 582 505 582 506 582 507 582 508 582 509 582 510 583 510 584 511 584 512 585 512 586 512 587 512 588 512 589 512 590 512 591 512 592 512 593 512 594 512 595 512 596 512 597 512 598 512 599 513 600 513 601 513 602 513 603 513 604 513 605 513 606 513 607 513 608 513 609 513 610 513 611 513 612 513 613 513 614 513 615 513 616 513 617 513 618 513 619 513 620 513 621 513 622 513 623 513 624 513 625 513 626 513 627 513 628 513 629 513 630 513 631 513 632 513 633 513 634 513 635 513 636 513 637 513 638 513 639 513 640 513 641 513 642 513 643 513 644 513 645 513 646 513 647 513 648 513 649 513 650 512 651 512 652 511 653 511 653 510 653 509 653 508 653 507 653 506 653 505 653 504 654 503 655 503 654 503 653 502 654 501 655 501 654 501 653 500 654 499 655 499 654 499 653 498 654 497 655 497 654 497 653 496 654 495 655 495 654 495 653 494 654 493 655 493 654 493 653 492 654 491 655 491 654 491 653 490 654 489 655 489 654 489 653 488 654 487 655 487 654 487 653 486 654 485 655 485 654 485 653 484 654 483 655 483 654 483 653 482 654 481 655 481 654 481 653 480 654 479 655 479 654 479 653 478 654 477 655 477 654 477 653 476 654 475 655 475 654 475 653 474 654 473 655 473 654 472 655 471 654 470 655 469 654 468 655 467 654 466 655 465 654 464 655 463 655 462 655 461 655 460 655 459 655 458 655 457 654 456 655 455 655 454 655 453 654 452 655 451 654 451 653 450 654 449 655 449 654 449 653 448 654 447 655 447 654 447 653 446 654 445 653 444 652 444 651 444 650 444 649 444 648 444 647 443 646 443 645 443 644 443 0 "NO_VALID_ADJACENT_EDGES: polygon=55,eligible_arcs=375,connection=54660,corner_or_extension=1032,direction_or_position_arc=10374,discontinuous_arc=4544,short_or_residual_arc=2797"
366 0 3 0 336 677.171875 443.078125 677.875 512.6875 677.875 512.6875 747.484375 511.28125 680 443 679 444 678 444 677 444 676 444 676 445 676 446 676 447 675 448 676 449 675 450 674 450 675 450 676 451 675 452 674 452 675 452 676 453 675 454 674 454 675 454 676 455 675 456 674 456 675 456 676 457 675 458 674 458 675 458 676 459 675 460 674 460 675 460 676 461 675 462 674 462 675 462 676 463 675 464 674 464 675 464 676 465 675 466 674 466 675 466 676 467 675 468 674 468 675 468 676 469 675 470 674 470 675 470 676 471 675 472 674 472 675 472 676 473 675 474 674 474 675 474 676 475 675 476 674 476 675 476 676 477 675 478 674 478 675 478 676 479 675 480 674 480 675 480 676 481 675 482 674 482 675 482 676 483 675 484 674 484 675 484 676 485 675 486 674 486 675 486 676 487 675 488 674 488 675 488 676 489 675 490 674 490 675 490 676 491 675 492 674 492 675 492 676 493 675 494 674 494 675 494 676 495 675 496 674 496 675 496 676 497 675 498 674 498 675 498 676 499 675 500 674 500 675 500 676 501 675 502 674 502 675 502 676 503 676 504 676 505 676 506 676 507 676 508 676 509 676 510 676 511 677 511 678 512 679 512 680 512 681 512 682 512 683 512 684 512 685 512 686 512 687 512 688 512 689 512 690 512 691 512 692 512 693 512 694 512 695 512 696 512 697 512 698 512 699 512 700 512 701 512 702 512 703 512 704 512 705 512 706 512 707 512 708 512 709 512 710 512 711 512 712 512 713 512 714 511 715 511 716 511 717 511 718 511 719 511 720 511 721 511 722 511 723 511 724 511 725 511 726 511 727 511 728 511 729 511 730 511 731 511 732 511 733 511 734 511 735 511 736 511 737 511 738 511 739 511 740 511 741 511 742 511 743 511 744 510 745 510 746 509 747 509 746 509 745 508 746 507 747 507 747 506 747 505 747 504 747 503 747 502 747 501 747 500 747 499 747 498 747 497 746 497 745 496 746 495 747 495 746 495 745 494 744 494 743 494 742 494 741 494 740 494 739 494 738 494 737 494 736 494 735 494 734 494 733 494 732 494 731 494 730 494 729 494 728 494 727 494 726 494 725 494 724 494 723 494 722 494 721 494 720 494 719 494 718 494 717 494 716 494 715 494 714 494 713 494 712 494 711 494 710 494 709 494 708 494 707 494 706 494 705 494 704 494 703 494 702 494 701 494 700 494 699 494 698 494 697 493 696 493 695 492 695 491 695 490 695 489 695 488 695 487 695 486 695 485 695 484 695 483 695 482 695 481 695 480 695 479 695 478 695 477 695 476 695 475 695 474 695 473 695 472 695 471 695 470 695 469 695 468 695 467 695 466 695 465 695 464 695 463 695 462 695 461 695 460 695 459 695 458 695 457 694 457 693 456 694 455 695 455 694 455 693 454 694 453 695 453 694 453 693 452 694 451 695 451 694 451 693 450 694 449 695 449 694 449 693 448 694 447 693 446 693 445 693 444 692 444 691 443 690 443 689 443 688 443 687 443 686 443 685 443 684 443 683 443 682 443 681 444 0 "NO_VALID_ADJACENT_EDGES: polygon=78,eligible_arcs=861,connection=151615,corner_or_extension=585,direction_or_position_arc=16130,discontinuous_arc=10063,short_or_residual_arc=4098"
369 0 1 5 136 857.921875 322.09375 889.75 321.4375 889.75 321.4375 890.078125 354.578125 868 322 867 323 866 323 865 323 864 323 863 323 862 323 861 324 860 324 859 324 858 324 858 325 858 326 858 327 858 328 858 329 858 330 858 331 858 332 858 333 858 334 858 335 858 336 859 336 860 337 859 338 858 338 859 338 860 339 860 340 861 340 862 340 863 340 864 340 865 340 866 340 867 340 868 340 869 340 870 341 871 341 872 342 872 343 872 344 873 345 872 346 873 346 874 347 873 348 872 348 873 348 874 349 874 350 874 351 874 352 874 353 875 353 876 354 877 354 878 354 879 354 880 354 881 354 882 354 883 354 884 354 885 354 886 354 887 354 888 354 889 354 890 353 891 353 892 353 893 353 893 352 893 351 893 350 893 349 893 348 893 347 893 346 894 345 895 345 894 345 893 344 894 343 895 343 894 343 893 342 894 341 893 340 894 339 895 339 894 339 893 338 894 337 895 337 894 337 893 336 893 335 893 334 893 333 893 332 893 331 893 330 893 329 893 328 893 327 893 326 893 325 893 324 892 324 891 323 890 323 889 323 888 322 887 322 886 322 885 322 884 322 883 322 882 322 881 322 880 322 879 322 878 322 877 322 876 322 875 322 874 322 873 322 872 322 871 322 870 322 869 322 0 "NO_VALID_ADJACENT_EDGES: polygon=26,eligible_arcs=52,direction_or_position_arc=3958,discontinuous_arc=783,short_or_residual_arc=609"
369 0 2 1 335 890.921875 439.796875 891.625 510.8125 891.625 510.8125 823.421875 512.21875 876 440 876 441 875 442 874 442 875 442 876 443 875 444 874 444 874 445 874 446 874 447 874 448 874 449 874 450 874 451 874 452 874 453 874 454 874 455 874 456 874 457 874 458 874 459 874 460 874 461 874 462 874 463 874 464 874 465 874 466 875 466 876 467 875 468 874 468 875 468 876 469 875 470 874 470 875 470 876 471 875 472 874 472 875 472 876 473 876 474 876 475 876 476 876 477 875 478 874 478 875 478 876 479 875 480 874 480 875 480 876 481 875 482 874 482 875 482 876 483 875 484 874 484 875 484 876 485 875 486 874 486 875 487 874 488 874 489 874 490 874 491 873 492 872 492 871 492 870 492 869 492 868 492 867 492 866 492 865 492 864 492 863 492 862 492 861 492 860 492 859 492 858 492 857 492 856 492 855 492 854 492 853 492 852 492 851 492 850 492 849 492 848 492 847 492 846 492 845 492 844 492 843 492 842 492 841 492 840 492 839 492 838 492 837 493 836 493 835 493 834 493 833 493 832 493 831 493 830 493 829 493 828 493 827 494 826 494 825 494 824 494 824 495 824 496 824 497 823 498 822 498 823 498 824 499 823 500 822 500 823 500 824 501 824 502 824 503 824 504 824 505 824 506 824 507 824 508 824 509 825 509 826 510 827 510 828 510 829 511 830 511 831 511 832 511 833 511 834 511 835 511 836 511 837 511 838 511 839 511 840 511 841 511 842 511 843 511 844 511 845 510 846 510 847 510 848 510 849 510 850 510 851 510 852 510 853 510 854 510 855 510 856 510 857 510 858 510 859 510 860 510 861 510 862 510 863 510 864 510 865 510 866 510 867 510 868 510 869 510 870 510 871 510 872 510 873 510 874 510 875 510 876 510 877 510 878 510 879 510 880 510 881 510 882 510 883 510 884 510 885 510 886 510 887 510 888 509 889 509 890 509 891 509 892 509 893 509 894 509 895 509 895 508 895 507 895 506 896 505 897 505 896 505 895 504 896 503 897 503 896 503 895 502 896 501 897 501 897 500 897 499 896 499 895 498 896 497 897 497 896 497 895 496 896 495 897 495 897 494 897 493 897 492 897 491 896 491 895 490 896 489 897 489 896 488 897 487 896 487 895 486 896 485 897 485 896 485 895 484 896 483 897 483 896 483 895 482 896 481 897 481 896 481 895 480 896 479 897 479 896 479 895 478 896 477 897 477 896 477 895 476 896 475 897 475 896 475 895 474 896 473 897 473 896 473 895 472 896 471 897 471 896 471 895 470 896 469 897 469 896 469 895 468 896 467 897 467 896 467 895 466 896 465 897 465 896 465 895 464 896 463 897 463 896 463 895 462 896 461 897 461 896 461 895 460 895 459 895 458 895 457 895 456 895 455 895 454 895 453 895 452 895 451 895 450 895 449 895 448 895 447 895 446 895 445 895 444 895 443 895 442 895 441 894 441 893 440 892 440 891 440 890 440 889 440 888 440 887 440 886 440 885 440 884 440 883 440 882 440 881 440 880 440 879 440 878 440 877 440 0 "NO_VALID_ADJACENT_EDGES: polygon=77,eligible_arcs=260,connection=27072,direction_or_position_arc=20462,discontinuous_arc=8430,short_or_residual_arc=3428"
373 0 1 5 151 901.28125 322.09375 933.4375 321.4375 933.4375 321.4375 933.765625 354.578125 924 322 923 323 922 323 921 323 920 323 919 323 918 323 917 323 916 323 915 323 914 323 913 323 912 323 911 323 910 323 909 323 908 323 907 323 906 323 905 324 904 324 903 324 902 324 902 325 901 326 900 326 901 326 902 327 901 328 900 328 901 328 902 329 901 330 900 330 901 330 902 331 901 332 900 332 901 332 902 333 901 334 900 334 901 334 902 335 902 336 902 337 902 338 902 339 902 340 903 340 904 340 905 340 906 341 907 341 908 341 909 341 910 341 911 341 912 341 913 341 914 342 915 342 916 343 916 344 916 345 916 346 916 347 916 348 916 349 916 350 916 351 916 352 916 353 917 353 918 354 919 354 920 354 921 354 922 354 923 354 924 354 925 354 926 354 927 354 928 354 929 354 930 354 931 354 932 354 933 353 934 353 935 353 935 352 936 351 937 351 936 351 935 350 936 349 937 349 936 349 935 348 936 347 937 347 936 347 935 346 936 345 937 345 936 345 935 344 936 343 937 343 937 342 937 341 937 340 937 339 936 339 935 338 936 337 937 337 937 336 937 335 936 335 935 334 936 333 937 333 936 333 935 332 936 331 937 331 936 331 935 330 936 329 937 329 936 329 935 328 936 327 937 327 936 327 935 326 935 325 935 324 934 324 933 323 932 323 931 323 930 323 929 323 928 323 927 322 926 322 925 322 0 "NO_VALID_ADJACENT_EDGES: polygon=39,eligible_arcs=69,direction_or_position_arc=5185,discontinuous_arc=2000,short_or_residual_arc=1676"
374 0 1 5 153 911.921875 322.09375 943.75 321.4375 943.75 321.4375 944.078125 354.578125 919 323 918 324 917 324 916 324 915 324 914 324 914 325 913 326 912 326 913 326 914 327 913 328 912 328 912 329 912 330 912 331 912 332 912 333 912 334 913 334 914 335 913 336 912 336 913 336 914 337 913 338 912 338 913 338 914 339 914 340 915 340 916 340 917 340 918 341 919 341 920 341 921 341 922 341 923 341 924 341 925 341 926 342 926 343 926 344 927 344 928 345 927 346 926 346 927 346 928 347 927 348 926 348 927 348 928 349 928 350 928 351 928 352 928 353 929 353 930 354 931 354 932 354 933 354 934 354 935 354 936 354 937 355 938 354 939 354 940 354 941 354 942 354 943 354 944 354 945 354 946 353 947 353 947 352 948 351 949 351 948 351 947 350 948 349 949 349 948 349 947 348 948 347 949 347 948 347 947 346 948 345 949 345 949 344 949 343 948 343 947 342 948 341 949 341 949 340 949 339 948 339 947 338 948 337 949 337 949 336 949 335 948 335 947 334 948 333 949 333 948 333 947 332 948 331 949 331 948 331 947 330 948 329 949 329 948 329 947 328 948 327 949 327 948 327 947 326 947 325 947 324 946 324 945 323 944 323 943 323 942 323 941 323 940 323 939 323 938 323 937 323 936 323 935 323 934 323 933 323 932 323 931 323 930 323 929 323 928 323 927 323 926 323 925 323 924 323 923 323 922 323 921 323 920 323 0 "NO_VALID_ADJACENT_EDGES: polygon=44,eligible_arcs=72,direction_or_position_arc=7560,discontinuous_arc=2108,short_or_residual_arc=1602"
376 0 1 5 135 937.609375 323.453125 969.4375 323.125 969.4375 323.125 969.4375 356.265625 950 324 949 325 948 325 947 325 946 325 945 325 944 325 943 325 942 325 941 326 940 326 939 326 938 326 939 326 940 327 939 328 938 328 938 329 938 330 938 331 938 332 938 333 938 334 938 335 938 336 938 337 938 338 939 338 940 339 940 340 940 341 941 341 942 342 943 342 944 342 945 342 946 342 947 342 948 342 949 342 950 343 951 343 952 344 952 345 952 346 952 347 952 348 953 348 954 349 953 350 952 350 953 350 954 351 954 352 954 353 954 354 954 355 955 355 956 356 957 356 958 356 959 356 960 356 961 356 962 356 963 356 964 356 965 356 966 356 967 356 968 356 969 356 970 356 971 356 972 355 973 355 973 354 974 353 975 353 974 353 973 352 974 351 975 351 974 351 973 350 974 349 975 349 975 348 975 347 975 346 975 345 975 344 975 343 975 342 975 341 975 340 975 339 975 338 975 337 975 336 975 335 975 334 975 333 975 332 975 331 975 330 975 329 974 329 973 328 974 327 975 327 974 327 973 326 972 326 971 325 970 325 969 325 968 325 967 325 966 325 965 324 964 324 963 324 962 324 961 324 960 324 959 324 958 324 957 324 956 324 955 324 954 324 953 324 952 324 951 324 0 "NO_VALID_ADJACENT_EDGES: polygon=23,eligible_arcs=85,connection=168,direction_or_position_arc=3759,discontinuous_arc=501,short_or_residual_arc=485"
377 0 3 1 350 800.078125 443.171875 799.375 514.1875 799.375 514.1875 867.578125 514.1875 798 444 798 445 797 446 796 446 796 447 796 448 796 449 796 450 796 451 796 452 796 453 795 454 794 454 795 454 796 455 795 456 794 456 795 456 796 457 795 458 794 458 795 458 796 459 795 460 794 460 795 460 796 461 795 462 794 462 795 462 796 463 795 464 794 464 795 464 796 465 795 466 794 466 795 466 796 467 795 468 794 468 795 468 796 469 795 470 794 470 795 470 796 471 795 472 794 472 795 472 796 473 795 474 794 474 795 474 796 475 795 476 794 476 795 476 796 477 795 478 794 478 795 478 796 479 795 480 794 480 795 480 796 481 795 482 794 482 795 482 796 483 795 484 794 484 795 484 796 485 795 486 794 486 795 486 796 487 795 488 794 488 795 488 796 489 795 490 794 490 795 490 796 491 795 492 794 492 795 492 796 493 795 494 794 494 795 494 796 495 795 496 794 496 794 497 794 498 794 499 794 500 795 500 796 501 795 502 794 502 794 503 794 504 795 504 796 505 795 506 794 506 795 506 796 507 795 508 794 508 795 508 796 509 796 510 796 511 796 512 797 512 798 513 799 513 800 513 801 513 802 513 803 513 804 513 805 513 806 513 807 513 808 513 809 513 810 513 811 513 812 513 813 513 814 513 815 513 816 513 817 513 818 513 819 513 820 513 821 513 822 513 823 513 824 513 825 513 826 513 827 513 828 513 829 513 830 513 831 513 832 513 833 513 834 513 835 513 836 513 837 513 838 513 839 513 840 513 841 513 842 513 843 513 844 513 845 513 846 513 847 513 848 513 849 513 850 513 851 513 852 513 853 513 854 513 855 513 856 513 857 513 858 513 859 513 860 513 861 513 862 513 863 513 864 513 865 513 866 512 867 512 867 511 867 510 868 509 869 509 868 509 867 508 868 507 869 507 868 506 869 505 868 504 869 503 868 502 869 501 868 501 867 500 868 499 869 499 868 499 867 498 867 497 866 497 865 496 864 496 863 496 862 496 861 496 860 496 859 496 858 496 857 496 856 496 855 496 854 496 853 496 852 496 851 496 850 496 849 496 848 496 847 496 846 496 845 496 844 496 843 496 842 496 841 496 840 496 839 496 838 496 837 496 836 496 835 496 834 496 833 496 832 496 831 496 830 496 829 496 828 496 827 496 826 496 825 496 824 496 823 496 822 496 821 496 820 496 819 495 818 495 817 494 817 493 817 492 817 491 817 490 817 489 817 488 817 487 817 486 817 485 816 484 817 483 817 482 817 481 817 480 817 479 816 479 815 478 816 477 817 477 817 476 817 475 816 475 815 474 816 473 817 473 817 472 817 471 816 471 815 470 816 469 817 469 817 468 817 467 816 467 815 466 816 465 817 465 816 465 815 464 816 463 817 463 816 463 815 462 816 461 817 461 816 461 815 460 816 459 817 459 816 459 815 458 816 457 817 457 816 457 815 456 816 455 817 455 816 455 815 454 816 453 817 453 816 453 815 452 816 451 817 451 816 451 815 450 815 449 815 448 815 447 815 446 815 445 814 445 813 444 812 444 811 444 810 444 809 444 808 444 807 444 806 444 805 444 804 444 803 444 802 444 801 444 800 444 799 444 0 "NO_VALID_ADJACENT_EDGES: polygon=95,eligible_arcs=425,connection=43800,direction_or_position_arc=26335,discontinuous_arc=12209,short_or_residual_arc=4921"
382 1 2 0 360 1042.421875 444.671875 1043.125 515.6875 1043.125 515.6875 974.921875 515.6875 1034 444 1033 445 1032 445 1031 445 1030 445 1029 446 1028 446 1028 447 1028 448 1028 449 1028 450 1028 451 1028 452 1028 453 1027 454 1026 454 1027 454 1028 455 1027 456 1026 456 1027 456 1028 457 1027 458 1026 458 1027 458 1028 459 1027 460 1026 460 1027 460 1028 461 1027 462 1026 462 1027 462 1028 463 1027 464 1026 464 1027 464 1028 465 1027 466 1026 466 1027 466 1028 467 1027 468 1026 468 1027 468 1028 469 1027 470 1026 470 1027 470 1028 471 1027 472 1026 472 1027 472 1028 473 1027 474 1026 474 1027 474 1028 475 1027 476 1026 476 1027 476 1028 477 1028 478 1028 479 1028 480 1028 481 1028 482 1028 483 1027 484 1026 484 1027 484 1028 485 1027 486 1026 486 1027 486 1028 487 1027 488 1026 488 1027 488 1028 489 1027 490 1026 490 1027 490 1028 491 1027 492 1026 492 1027 492 1028 493 1027 494 1026 494 1026 495 1025 496 1024 496 1023 496 1022 496 1021 496 1020 496 1019 496 1018 496 1017 496 1016 496 1015 496 1014 496 1013 496 1012 496 1011 496 1010 496 1009 496 1008 496 1007 496 1006 496 1005 496 1004 496 1003 496 1002 496 1001 496 1000 496 999 496 998 496 997 496 996 496 995 496 994 496 993 496 992 496 991 496 990 496 989 496 988 496 987 496 986 496 985 496 984 496 983 496 982 496 981 497 980 497 979 497 978 497 977 498 976 498 976 499 975 500 974 500 975 500 976 501 975 502 974 502 974 503 974 504 974 505 974 506 975 506 976 507 975 508 974 508 975 508 976 509 975 510 974 510 975 510 976 511 976 512 976 513 977 513 978 514 979 514 980 514 981 514 982 514 983 514 984 514 985 514 986 514 987 514 988 514 989 514 990 514 991 514 992 515 993 515 994 515 995 515 996 515 997 515 998 515 999 515 1000 515 1001 515 1002 515 1003 515 1004 515 1005 515 1006 515 1007 515 1008 515 1009 515 1010 515 1011 515 1012 515 1013 515 1014 515 1015 515 1016 515 1017 515 1018 515 1019 515 1020 515 1021 515 1022 515 1023 515 1024 515 1025 515 1026 515 1027 515 1028 515 1029 515 1030 515 1031 515 1032 515 1033 515 1034 515 1035 515 1036 515 1037 515 1038 515 1039 515 1040 515 1041 515 1042 515 1043 515 1044 514 1045 514 1046 513 1047 513 1047 512 1048 511 1049 511 1048 511 1047 510 1048 509 1049 509 1048 509 1047 508 1048 507 1049 507 1048 507 1047 506 1048 505 1049 505 1048 505 1047 504 1048 503 1049 503 1048 503 1047 502 1048 501 1049 501 1049 500 1049 499 1049 498 1049 497 1049 496 1049 495 1049 494 1049 493 1049 492 1049 491 1049 490 1049 489 1049 488 1049 487 1048 487 1047 486 1048 485 1049 485 1048 485 1047 484 1048 483 1049 483 1048 483 1047 482 1048 481 1049 481 1049 480 1049 479 1048 479 1047 478 1048 477 1049 477 1048 477 1047 476 1048 475 1049 475 1048 475 1047 474 1048 473 1049 473 1048 473 1047 472 1048 471 1049 471 1048 471 1047 470 1048 469 1049 469 1048 469 1047 468 1048 467 1049 467 1048 467 1047 466 1048 465 1049 465 1048 465 1047 464 1048 463 1049 463 1048 463 1047 462 1048 461 1049 461 1048 461 1047 460 1048 459 1049 459 1048 459 1047 458 1048 457 1049 457 1048 457 1047 456 1048 455 1049 455 1048 455 1047 454 1048 453 1049 453 1048 453 1047 452 1048 451 1049 451 1048 451 1047 450 1048 449 1047 448 1047 447 1047 446 1046 446 1045 445 1044 445 1043 445 1042 445 1041 445 1040 445 1039 444 1038 444 1037 444 1036 444 1035 444 0 "NO_VALID_ADJACENT_EDGES: polygon=101,eligible_arcs=283,connection=32480,direction_or_position_arc=30638,discontinuous_arc=16170,short_or_residual_arc=4665"
383 0 2 0 333 1055.125 444.671875 1055.125 515.6875 1055.125 515.6875 986.21875 515.6875 1044 445 1043 446 1042 446 1041 446 1040 446 1040 447 1039 448 1038 448 1039 448 1040 449 1039 450 1038 450 1039 450 1040 451 1039 452 1038 452 1039 452 1040 453 1039 454 1038 454 1038 455 1038 456 1038 457 1038 458 1038 459 1038 460 1038 461 1038 462 1038 463 1038 464 1038 465 1038 466 1038 467 1038 468 1038 469 1038 470 1038 471 1038 472 1038 473 1038 474 1038 475 1038 476 1038 477 1038 478 1039 478 1040 479 1040 480 1040 481 1039 482 1038 482 1039 482 1040 483 1039 484 1038 484 1038 485 1038 486 1039 487 1038 488 1038 489 1038 490 1038 491 1038 492 1038 493 1038 494 1038 495 1037 496 1036 496 1035 497 1034 497 1033 497 1032 497 1031 497 1030 497 1029 497 1028 497 1027 497 1026 497 1025 497 1024 497 1023 497 1022 497 1021 497 1020 497 1019 497 1018 497 1017 497 1016 497 1015 497 1014 497 1013 497 1012 497 1011 497 1010 497 1009 497 1008 497 1007 497 1006 497 1005 497 1004 497 1003 497 1002 497 1001 497 1000 497 999 497 998 497 997 497 996 497 995 497 994 497 993 497 992 497 991 497 990 497 989 498 988 498 987 498 986 498 987 498 988 499 987 500 986 500 986 501 986 502 986 503 986 504 986 505 986 506 986 507 986 508 986 509 986 510 986 511 986 512 987 512 988 513 988 514 989 514 990 514 991 514 992 515 993 515 994 515 995 515 996 515 997 515 998 515 999 515 1000 515 1001 515 1002 515 1003 515 1004 515 1005 515 1006 515 1007 515 1008 515 1009 515 1010 515 1011 515 1012 515 1013 515 1014 515 1015 515 1016 515 1017 515 1018 515 1019 515 1020 515 1021 515 1022 515 1023 515 1024 515 1025 515 1026 515 1027 515 1028 515 1029 515 1030 515 1031 515 1032 515 1033 515 1034 515 1035 515 1036 515 1037 515 1038 515 1039 515 1040 515 1041 515 1042 515 1043 515 1044 515 1045 515 1046 515 1047 515 1048 515 1049 515 1050 515 1051 515 1052 515 1053 515 1054 515 1055 515 1056 514 1057 514 1058 513 1059 513 1059 512 1059 511 1059 510 1059 509 1059 508 1059 507 1059 506 1060 505 1061 505 1060 505 1059 504 1060 503 1061 503 1060 503 1059 502 1060 501 1061 501 1060 501 1059 500 1060 499 1061 499 1060 499 1059 498 1060 497 1061 497 1060 497 1059 496 1060 495 1061 495 1060 495 1059 494 1060 493 1061 493 1060 493 1059 492 1060 491 1061 491 1060 491 1059 490 1060 489 1061 489 1060 489 1059 488 1060 487 1061 487 1060 487 1059 486 1060 485 1061 485 1060 485 1059 484 1060 483 1061 483 1060 483 1059 482 1060 481 1061 481 1060 481 1059 480 1060 479 1061 479 1060 479 1059 478 1060 477 1061 477 1060 477 1059 476 1060 475 1061 475 1060 475 1059 474 1060 473 1061 473 1060 473 1059 472 1060 471 1061 471 1060 471 1059 470 1060 469 1061 469 1060 469 1059 468 1060 467 1061 467 1060 467 1059 466 1060 465 1061 465 1060 465 1059 464 1060 463 1061 463 1060 463 1059 462 1060 461 1061 461 1060 461 1059 460 1060 459 1059 458 1059 457 1059 456 1060 455 1059 454 1059 453 1059 452 1059 451 1059 450 1059 449 1059 448 1059 447 1058 447 1057 446 1056 446 1055 445 1054 445 1053 445 1052 445 1051 445 1050 445 1049 445 1048 445 1047 445 1046 445 1045 445 0 "NO_VALID_ADJACENT_EDGES: polygon=72,eligible_arcs=550,connection=64477,corner_or_extension=1901,direction_or_position_arc=15724,discontinuous_arc=8214,short_or_residual_arc=3904"
384 0 1 3 141 1034.96875 326.3125 1067.125 326.3125 1067.125 326.3125 1067.125 359.453125 1042 327 1041 328 1040 328 1039 328 1038 328 1038 329 1037 330 1036 330 1036 331 1036 332 1036 333 1036 334 1036 335 1036 336 1036 337 1036 338 1036 339 1036 340 1036 341 1036 342 1037 342 1038 343 1038 344 1039 344 1040 345 1041 345 1042 345 1043 345 1044 345 1045 345 1046 345 1047 345 1048 345 1049 345 1050 346 1050 347 1050 348 1050 349 1050 350 1050 351 1050 352 1051 352 1052 353 1051 354 1050 354 1051 354 1052 355 1051 356 1050 356 1051 356 1052 357 1052 358 1053 358 1054 359 1055 358 1056 359 1057 359 1058 359 1059 359 1060 359 1061 359 1062 359 1063 359 1064 359 1065 359 1066 359 1067 359 1068 359 1069 358 1070 357 1071 357 1071 356 1071 355 1071 354 1071 353 1071 352 1071 351 1071 350 1071 349 1071 348 1072 347 1073 347 1072 347 1071 346 1072 345 1073 345 1072 345 1071 344 1072 343 1073 343 1072 343 1071 342 1072 341 1073 341 1072 341 1071 340 1072 339 1073 339 1072 339 1071 338 1072 337 1073 337 1072 337 1071 336 1072 335 1073 335 1072 335 1071 334 1072 333 1071 332 1071 331 1071 330 1071 329 1070 329 1069 328 1068 328 1067 328 1066 328 1065 327 1064 327 1063 327 1062 327 1061 327 1060 327 1059 327 1058 327 1057 327 1056 327 1055 327 1054 327 1053 327 1052 327 1051 327 1050 327 1049 327 1048 327 1047 327 1046 327 1045 327 1044 327 1043 327 0 "NO_VALID_ADJACENT_EDGES: polygon=30,eligible_arcs=52,direction_or_position_arc=4465,discontinuous_arc=1306,short_or_residual_arc=983"
394 0 3 1 357 995.359375 442.140625 993.25 511.75 993.25 511.75 1064.265625 513.859375 995 446 995 447 994 448 994 449 994 450 994 451 994 452 994 453 994 454 994 455 994 456 994 457 994 458 994 459 994 460 994 461 993 462 992 462 993 462 994 463 993 464 992 464 993 464 994 465 993 466 992 466 993 466 994 467 993 468 992 468 993 468 994 469 993 470 992 470 993 470 994 471 993 472 992 472 993 472 994 473 993 474 992 474 993 474 994 475 993 476 992 476 993 476 994 477 993 478 992 478 993 478 994 479 993 480 992 480 993 480 994 481 993 482 992 482 993 482 994 483 993 484 992 484 993 484 994 485 993 486 992 486 993 486 994 487 993 488 992 488 993 488 994 489 993 490 992 490 993 490 994 491 993 492 992 492 993 492 994 493 993 494 992 494 993 494 994 495 993 496 992 496 993 496 994 497 993 498 992 498 992 499 992 500 992 501 992 502 993 502 994 503 993 504 992 504 993 504 994 505 993 506 992 506 993 506 994 507 993 508 992 508 993 508 994 509 993 510 992 510 993 510 994 511 994 512 994 513 994 514 995 514 996 515 997 515 998 515 999 515 1000 515 1001 515 1002 515 1003 515 1004 515 1005 515 1006 515 1007 515 1008 515 1009 515 1010 515 1011 515 1012 515 1013 515 1014 515 1015 515 1016 515 1017 515 1018 515 1019 515 1020 515 1021 515 1022 515 1023 515 1024 515 1025 515 1026 515 1027 515 1028 515 1029 515 1030 515 1031 515 1032 515 1033 515 1034 515 1035 515 1036 515 1037 515 1038 515 1039 515 1040 515 1041 515 1042 515 1043 515 1044 515 1045 515 1046 515 1047 515 1048 515 1049 515 1050 515 1051 515 1052 515 1053 515 1054 515 1055 515 1056 515 1057 515 1058 515 1059 515 1060 515 1061 515 1062 515 1063 515 1064 515 1065 515 1065 514 1065 513 1065 512 1066 511 1067 511 1066 511 1065 510 1066 509 1067 509 1066 509 1065 508 1066 507 1067 507 1066 507 1065 506 1066 505 1067 505 1066 505 1065 504 1066 503 1067 503 1066 503 1065 502 1066 501 1067 501 1066 501 1065 500 1065 499 1064 499 1063 498 1062 498 1061 498 1060 498 1059 498 1058 498 1057 498 1056 498 1055 498 1054 498 1053 498 1052 498 1051 498 1050 498 1049 498 1048 498 1047 498 1046 498 1045 498 1044 498 1043 498 1042 498 1041 498 1040 498 1039 498 1038 498 1037 498 1036 498 1035 498 1034 498 1033 498 1032 498 1031 498 1030 498 1029 498 1028 498 1027 498 1026 498 1025 498 1024 497 1023 498 1022 498 1021 498 1020 498 1019 497 1018 497 1017 497 1016 497 1015 496 1015 495 1014 495 1013 494 1014 493 1015 493 1014 493 1013 492 1014 491 1015 491 1014 491 1013 490 1014 489 1015 489 1014 489 1013 488 1014 487 1015 487 1014 487 1013 486 1014 485 1015 485 1014 485 1013 484 1013 483 1013 482 1014 481 1015 481 1014 481 1013 480 1013 479 1013 478 1014 477 1015 477 1014 477 1013 476 1014 475 1015 475 1014 475 1013 474 1014 473 1015 473 1014 473 1013 472 1013 471 1013 470 1014 469 1015 469 1014 469 1013 468 1013 467 1013 466 1014 465 1015 465 1014 465 1013 464 1014 463 1015 463 1014 463 1013 462 1014 461 1015 461 1014 461 1013 460 1013 459 1013 458 1013 457 1013 456 1013 455 1013 454 1013 453 1013 452 1013 451 1013 450 1013 449 1013 448 1013 447 1012 447 1011 446 1010 446 1009 446 1008 446 1007 446 1006 446 1005 446 1004 446 1003 446 1002 446 1001 446 1000 446 999 446 998 446 997 446 996 446 0 "NO_VALID_ADJACENT_EDGES: polygon=97,eligible_arcs=388,connection=50184,direction_or_position_arc=25106,discontinuous_arc=15055,short_or_residual_arc=4183"
395 0 2 0 349 1194.53125 447.0625 1193.125 517.375 1193.125 517.375 1122.8125 515.96875 1185 446 1184 447 1183 447 1182 447 1181 448 1180 447 1179 448 1178 448 1178 449 1178 450 1178 451 1178 452 1178 453 1178 454 1178 455 1178 456 1178 457 1178 458 1178 459 1178 460 1178 461 1177 462 1176 462 1177 462 1178 463 1178 464 1178 465 1177 466 1176 466 1177 466 1178 467 1178 468 1178 469 1177 470 1176 470 1177 470 1178 471 1178 472 1178 473 1177 474 1176 474 1177 474 1178 475 1177 476 1176 476 1177 476 1178 477 1178 478 1178 479 1178 480 1178 481 1178 482 1178 483 1178 484 1178 485 1178 486 1178 487 1178 488 1178 489 1178 490 1178 491 1177 492 1176 492 1177 492 1178 493 1177 494 1176 494 1177 494 1178 495 1177 496 1176 496 1176 497 1175 498 1174 498 1173 498 1172 498 1171 498 1170 498 1169 498 1168 498 1167 498 1166 498 1165 498 1164 498 1163 498 1162 498 1161 498 1160 498 1159 498 1158 498 1157 498 1156 498 1155 498 1154 498 1153 498 1152 498 1151 498 1150 498 1149 498 1148 498 1147 498 1146 498 1145 498 1144 498 1143 498 1142 498 1141 498 1140 498 1139 498 1138 498 1137 498 1136 498 1135 498 1134 498 1133 498 1132 498 1131 498 1130 498 1129 499 1128 499 1127 500 1126 500 1125 500 1126 501 1125 502 1124 502 1125 502 1126 503 1125 504 1124 504 1124 505 1124 506 1124 507 1124 508 1124 509 1124 510 1125 510 1126 511 1125 512 1124 512 1125 512 1126 513 1126 514 1126 515 1127 515 1128 516 1129 516 1130 516 1131 516 1132 516 1133 516 1134 516 1135 516 1136 516 1137 516 1138 516 1139 516 1140 516 1141 516 1142 517 1143 517 1144 517 1145 517 1146 517 1147 517 1148 517 1149 517 1150 517 1151 517 1152 517 1153 517 1154 517 1155 517 1156 517 1157 517 1158 517 1159 517 1160 517 1161 517 1162 517 1163 517 1164 517 1165 517 1166 517 1167 517 1168 517 1169 517 1170 517 1171 517 1172 517 1173 517 1174 517 1175 517 1176 517 1177 517 1178 517 1179 517 1180 517 1181 517 1182 517 1183 517 1184 517 1185 517 1186 517 1187 517 1188 517 1189 517 1190 517 1191 517 1192 517 1193 517 1194 516 1195 516 1196 515 1197 515 1197 514 1197 513 1197 512 1198 511 1199 511 1198 511 1197 510 1198 509 1199 509 1198 509 1197 508 1198 507 1199 507 1198 507 1197 506 1198 505 1199 505 1198 505 1197 504 1198 503 1199 503 1198 503 1197 502 1198 501 1199 501 1198 500 1199 499 1198 499 1197 498 1198 497 1199 497 1198 496 1199 495 1198 495 1197 494 1198 493 1199 493 1198 493 1197 492 1198 491 1199 491 1198 491 1197 490 1198 489 1199 489 1198 489 1197 488 1198 487 1199 487 1198 487 1197 486 1198 485 1199 485 1198 485 1197 484 1198 483 1199 483 1198 483 1197 482 1198 481 1199 481 1198 481 1197 480 1198 479 1199 479 1198 479 1197 478 1198 477 1199 477 1198 477 1197 476 1198 475 1199 475 1198 475 1197 474 1198 473 1199 473 1198 473 1197 472 1198 471 1199 471 1198 471 1197 470 1198 469 1199 469 1198 469 1197 468 1198 467 1199 467 1198 467 1197 466 1198 465 1199 465 1198 465 1197 464 1198 463 1199 463 1198 463 1197 462 1198 461 1199 461 1198 461 1197 460 1198 459 1199 459 1198 459 1197 458 1198 457 1199 457 1198 457 1197 456 1198 455 1199 455 1198 455 1197 454 1198 453 1199 453 1198 453 1197 452 1197 451 1197 450 1197 449 1197 448 1196 448 1195 447 1194 447 1193 447 1192 447 1191 447 1190 447 1189 446 1188 446 1187 446 1186 447 0 "NO_VALID_ADJACENT_EDGES: polygon=96,eligible_arcs=478,connection=82490,direction_or_position_arc=26562,discontinuous_arc=13728,short_or_residual_arc=6104"
408 0 2 0 339 1293.0625 445.703125 1293.0625 515.3125 1293.0625 515.3125 1220.640625 515.3125 1274 448 1274 449 1274 450 1274 451 1274 452 1274 453 1274 454 1274 455 1274 456 1274 457 1274 458 1274 459 1274 460 1274 461 1274 462 1274 463 1274 464 1274 465 1274 466 1274 467 1274 468 1274 469 1274 470 1274 471 1274 472 1274 473 1274 474 1274 475 1274 476 1274 477 1274 478 1274 479 1274 480 1274 481 1274 482 1274 483 1274 484 1274 485 1274 486 1274 487 1274 488 1274 489 1274 490 1274 491 1274 492 1274 493 1274 494 1274 495 1274 496 1274 497 1273 498 1272 498 1272 499 1271 500 1270 500 1269 500 1268 500 1267 500 1266 500 1265 500 1264 500 1263 500 1262 500 1261 500 1260 500 1259 500 1258 500 1257 500 1256 500 1255 500 1254 500 1253 500 1252 500 1251 500 1250 500 1249 500 1248 500 1247 500 1246 500 1245 500 1244 500 1243 500 1242 500 1241 500 1240 500 1239 500 1238 500 1237 500 1236 500 1235 500 1234 500 1233 500 1232 500 1231 500 1230 500 1229 500 1228 500 1227 500 1226 500 1225 500 1224 500 1223 500 1222 500 1222 501 1221 502 1220 502 1221 502 1222 503 1221 504 1220 504 1221 504 1222 505 1221 506 1220 506 1221 506 1222 507 1221 508 1220 508 1221 508 1222 509 1221 510 1220 510 1221 510 1222 511 1221 512 1220 512 1221 512 1222 513 1221 514 1220 514 1221 514 1222 515 1222 516 1223 517 1224 517 1225 517 1226 517 1227 517 1228 517 1229 517 1230 517 1231 517 1232 517 1233 517 1234 517 1235 517 1236 517 1237 517 1238 517 1239 517 1240 517 1241 517 1242 517 1243 517 1244 517 1245 517 1246 517 1247 517 1248 517 1249 517 1250 517 1251 517 1252 517 1253 517 1254 517 1255 517 1256 517 1257 517 1258 517 1259 517 1260 517 1261 517 1262 518 1263 518 1264 518 1265 518 1266 518 1267 518 1268 518 1269 518 1270 518 1271 518 1272 518 1273 518 1274 518 1275 518 1276 518 1277 518 1278 518 1279 518 1280 518 1281 518 1282 518 1283 518 1284 518 1285 518 1286 517 1287 517 1288 517 1289 517 1290 517 1291 517 1291 516 1292 515 1293 515 1292 515 1291 514 1292 513 1293 513 1292 513 1291 512 1292 511 1293 511 1292 511 1291 510 1292 509 1293 509 1293 508 1293 507 1292 507 1291 506 1292 505 1293 505 1292 505 1291 504 1292 503 1293 503 1293 502 1293 501 1293 500 1293 499 1293 498 1293 497 1293 496 1293 495 1293 494 1293 493 1292 493 1291 492 1292 491 1293 491 1292 491 1291 490 1292 489 1293 489 1292 489 1291 488 1292 487 1293 487 1292 487 1291 486 1292 485 1293 485 1292 485 1291 484 1292 483 1293 483 1292 483 1291 482 1292 481 1293 481 1292 481 1291 480 1292 479 1293 479 1292 479 1291 478 1292 477 1293 477 1292 477 1291 476 1292 475 1293 475 1292 475 1291 474 1292 473 1293 473 1292 473 1291 472 1292 471 1293 471 1292 471 1291 470 1292 469 1293 469 1292 469 1291 468 1292 467 1293 467 1292 467 1291 466 1292 465 1293 465 1292 465 1291 464 1292 463 1293 463 1292 463 1291 462 1292 461 1293 461 1292 461 1291 460 1292 459 1293 459 1292 459 1291 458 1292 457 1293 457 1292 457 1291 456 1292 455 1293 455 1292 455 1291 454 1292 453 1293 453 1292 453 1291 452 1291 451 1291 450 1291 449 1291 448 1290 448 1289 448 1288 448 1287 448 1286 448 1285 448 1284 448 1283 448 1282 448 1281 448 1280 448 1279 448 1278 448 1277 448 1276 448 1275 448 0 "NO_VALID_ADJACENT_EDGES: polygon=74,eligible_arcs=398,connection=51354,direction_or_position_arc=13941,discontinuous_arc=9016,short_or_residual_arc=5037"
409 0 1 5 143 1262.21875 326.453125 1295.6875 326.125 1295.6875 326.125 1296.015625 359.265625 1264 328 1264 329 1263 330 1262 330 1263 330 1264 331 1263 332 1262 332 1263 332 1264 333 1263 334 1262 334 1263 334 1264 335 1263 336 1262 336 1263 336 1264 337 1263 338 1262 338 1263 338 1264 339 1263 340 1262 340 1263 340 1264 341 1264 342 1264 343 1264 344 1264 345 1265 345 1266 345 1267 345 1268 345 1269 345 1270 345 1271 345 1272 345 1273 345 1274 345 1275 345 1276 346 1277 346 1278 347 1278 348 1278 349 1278 350 1278 351 1278 352 1278 353 1278 354 1278 355 1278 356 1278 357 1278 358 1279 358 1280 359 1281 359 1282 359 1283 359 1284 359 1285 359 1286 359 1287 359 1288 359 1289 359 1290 359 1291 359 1292 359 1293 359 1294 359 1295 359 1295 358 1295 357 1295 356 1295 355 1295 354 1295 353 1295 352 1296 351 1295 350 1296 349 1297 349 1296 349 1295 348 1296 347 1297 347 1296 347 1295 346 1296 345 1297 345 1296 345 1295 344 1296 343 1297 343 1296 343 1295 342 1296 341 1297 341 1296 341 1295 340 1295 339 1295 338 1295 337 1295 336 1295 335 1295 334 1295 333 1295 332 1295 331 1295 330 1295 329 1295 328 1294 328 1293 328 1292 328 1291 328 1290 328 1289 328 1288 328 1287 328 1286 328 1285 328 1284 328 1283 328 1282 328 1281 328 1280 328 1279 328 1278 328 1277 328 1276 328 1275 328 1274 328 1273 328 1272 328 1271 328 1270 328 1269 328 1268 328 1267 328 1266 328 1265 328 0 "NO_VALID_ADJACENT_EDGES: polygon=29,eligible_arcs=50,direction_or_position_arc=3466,discontinuous_arc=1398,short_or_residual_arc=636"
422 0 3 0 352 1245.671875 447.15625 1246.375 518.875 1246.375 518.875 1315.984375 518.875 1244 448 1244 449 1243 450 1242 450 1242 451 1242 452 1242 453 1241 454 1240 454 1241 454 1242 455 1241 456 1240 456 1241 456 1242 457 1241 458 1240 458 1241 458 1242 459 1241 460 1240 460 1241 460 1242 461 1241 462 1240 462 1241 462 1242 463 1241 464 1240 464 1241 464 1242 465 1241 466 1240 466 1241 466 1242 467 1241 468 1240 468 1241 468 1242 469 1241 470 1240 470 1241 470 1242 471 1241 472 1240 472 1241 472 1242 473 1241 474 1240 474 1241 474 1242 475 1241 476 1240 476 1241 476 1242 477 1241 478 1240 478 1241 478 1242 479 1241 480 1240 480 1241 480 1242 481 1241 482 1240 482 1241 482 1242 483 1241 484 1240 484 1241 484 1242 485 1241 486 1240 486 1241 486 1242 487 1241 488 1240 488 1241 488 1242 489 1241 490 1240 490 1241 490 1242 491 1241 492 1240 492 1241 492 1242 493 1241 494 1240 494 1241 494 1242 495 1241 496 1240 496 1241 496 1242 497 1241 498 1240 498 1241 498 1242 499 1241 500 1240 500 1241 500 1242 501 1241 502 1240 502 1241 502 1242 503 1241 504 1240 504 1241 504 1242 505 1241 506 1240 506 1241 506 1242 507 1241 508 1240 508 1241 508 1242 509 1242 510 1242 511 1242 512 1242 513 1242 514 1242 515 1242 516 1243 516 1244 517 1245 517 1246 518 1247 518 1248 518 1249 518 1250 518 1251 518 1252 518 1253 518 1254 518 1255 518 1256 518 1257 518 1258 518 1259 518 1260 518 1261 518 1262 518 1263 518 1264 518 1265 518 1266 518 1267 518 1268 518 1269 518 1270 518 1271 518 1272 518 1273 518 1274 518 1275 518 1276 518 1277 518 1278 518 1279 518 1280 518 1281 518 1282 518 1283 518 1284 518 1285 518 1286 518 1287 518 1288 518 1289 518 1290 518 1291 518 1292 518 1293 518 1294 518 1295 518 1296 518 1297 518 1298 518 1299 518 1300 518 1301 518 1302 517 1303 517 1304 517 1305 517 1306 517 1307 517 1308 517 1309 517 1310 517 1311 517 1312 517 1313 517 1313 516 1314 515 1315 515 1315 514 1315 513 1315 512 1315 511 1315 510 1315 509 1315 508 1315 507 1315 506 1315 505 1315 504 1315 503 1314 503 1313 502 1313 501 1312 501 1311 501 1310 500 1309 500 1308 500 1307 500 1306 500 1305 500 1304 500 1303 500 1302 500 1301 500 1300 500 1299 500 1298 500 1297 500 1296 500 1295 500 1294 500 1293 500 1292 500 1291 500 1290 500 1289 500 1288 500 1287 500 1286 500 1285 500 1284 500 1283 500 1282 500 1281 500 1280 500 1279 500 1278 500 1277 500 1276 500 1275 500 1274 500 1273 500 1272 500 1271 500 1270 500 1269 500 1268 500 1267 500 1266 500 1265 499 1264 499 1263 498 1263 497 1262 497 1261 496 1262 495 1263 495 1262 495 1261 494 1262 493 1263 493 1262 493 1261 492 1262 491 1263 491 1262 491 1261 490 1262 489 1263 489 1262 489 1261 488 1262 487 1263 487 1262 487 1261 486 1262 485 1263 485 1262 485 1261 484 1262 483 1263 483 1262 483 1261 482 1262 481 1263 481 1262 481 1261 480 1262 479 1263 479 1262 479 1261 478 1262 477 1263 477 1262 477 1261 476 1261 475 1261 474 1261 473 1261 472 1261 471 1261 470 1261 469 1261 468 1261 467 1261 466 1261 465 1261 464 1261 463 1261 462 1261 461 1261 460 1261 459 1261 458 1261 457 1261 456 1261 455 1261 454 1261 453 1260 453 1259 452 1260 451 1261 451 1260 451 1259 450 1259 449 1258 449 1257 448 1256 448 1255 448 1254 448 1253 448 1252 448 1251 448 1250 448 1249 448 1248 448 1247 448 1246 448 1245 448 0 "NO_VALID_ADJACENT_EDGES: polygon=92,eligible_arcs=937,connection=159996,corner_or_extension=1476,direction_or_position_arc=23573,discontinuous_arc=14229,short_or_residual_arc=5151"
472 0 1 3 138 1384.1875 328.984375 1417 329.3125 1417 329.3125 1417 362.78125 1388 330 1388 331 1387 332 1386 332 1386 333 1386 334 1386 335 1386 336 1386 337 1386 338 1386 339 1386 340 1386 341 1386 342 1386 343 1386 344 1386 345 1386 346 1387 346 1388 347 1389 347 1390 347 1391 347 1392 347 1393 348 1394 348 1395 348 1396 348 1397 348 1398 348 1399 348 1400 349 1400 350 1400 351 1400 352 1400 353 1400 354 1400 355 1400 356 1400 357 1400 358 1401 358 1402 359 1402 360 1402 361 1403 361 1404 361 1405 361 1406 362 1407 362 1408 362 1409 362 1410 362 1411 362 1412 362 1413 362 1414 361 1415 361 1416 361 1417 361 1418 361 1419 361 1419 360 1419 359 1419 358 1420 357 1421 357 1420 357 1419 356 1420 355 1421 355 1420 355 1419 354 1420 353 1421 353 1420 353 1419 352 1420 351 1421 351 1420 351 1419 350 1420 349 1421 349 1421 348 1421 347 1421 346 1421 345 1421 344 1421 343 1421 342 1421 341 1421 340 1421 339 1420 339 1419 338 1420 337 1421 337 1420 337 1419 336 1420 335 1421 335 1420 335 1419 334 1420 333 1421 333 1420 333 1419 332 1419 331 1418 331 1417 331 1416 331 1415 330 1414 330 1413 330 1412 330 1411 330 1410 330 1409 330 1408 330 1407 330 1406 330 1405 330 1404 330 1403 330 1402 330 1401 330 1400 330 1399 330 1398 330 1397 330 1396 330 1395 330 1394 330 1393 330 1392 330 1391 330 1390 330 1389 330 0 "NO_VALID_ADJACENT_EDGES: polygon=26,eligible_arcs=56,direction_or_position_arc=3206,discontinuous_arc=862,short_or_residual_arc=846"
478 0 3 1 332 1163.875 446.96875 1163.875 518.6875 1163.875 518.6875 1232.78125 519.390625 1160 448 1160 449 1160 450 1160 451 1160 452 1160 453 1160 454 1160 455 1160 456 1160 457 1159 458 1158 458 1159 458 1160 459 1159 460 1158 460 1159 460 1160 461 1159 462 1158 462 1159 462 1160 463 1159 464 1158 464 1159 464 1160 465 1159 466 1158 466 1159 466 1160 467 1159 468 1158 468 1159 468 1160 469 1159 470 1158 470 1159 470 1160 471 1159 472 1158 472 1159 472 1160 473 1159 474 1158 474 1159 474 1160 475 1159 476 1158 476 1159 476 1160 477 1159 478 1158 478 1159 478 1160 479 1159 480 1158 480 1159 480 1160 481 1159 482 1158 482 1159 482 1160 483 1159 484 1158 484 1159 484 1160 485 1159 486 1158 486 1159 486 1160 487 1159 488 1158 488 1159 488 1160 489 1159 490 1158 490 1159 490 1160 491 1159 492 1158 492 1159 492 1160 493 1159 494 1158 494 1159 494 1160 495 1159 496 1158 496 1159 496 1160 497 1159 498 1158 498 1158 499 1158 500 1158 501 1158 502 1158 503 1158 504 1159 505 1158 506 1159 506 1160 507 1159 508 1158 508 1159 508 1160 509 1159 510 1158 510 1159 510 1160 511 1159 512 1158 512 1159 512 1160 513 1160 514 1160 515 1160 516 1161 516 1162 517 1163 517 1164 517 1165 517 1166 517 1167 517 1168 517 1169 517 1170 517 1171 517 1172 517 1173 517 1174 517 1175 517 1176 517 1177 517 1178 517 1179 517 1180 517 1181 517 1182 517 1183 517 1184 517 1185 517 1186 517 1187 517 1188 517 1189 517 1190 517 1191 517 1192 517 1193 517 1194 517 1195 517 1196 517 1197 517 1198 517 1199 517 1200 517 1201 517 1202 517 1203 517 1204 517 1205 517 1206 517 1207 517 1208 517 1209 517 1210 517 1211 517 1212 517 1213 517 1214 517 1215 517 1216 517 1217 517 1218 517 1219 517 1220 517 1221 517 1222 517 1223 517 1224 517 1225 517 1226 517 1227 517 1228 517 1229 517 1230 516 1231 515 1231 514 1231 513 1231 512 1232 511 1233 511 1232 511 1231 510 1232 509 1233 509 1232 509 1231 508 1232 507 1233 507 1232 507 1231 506 1232 505 1233 505 1232 505 1231 504 1231 503 1231 502 1231 501 1230 501 1229 501 1228 501 1227 500 1226 500 1225 500 1224 500 1223 500 1222 500 1221 500 1220 500 1219 500 1218 500 1217 500 1216 500 1215 500 1214 500 1213 500 1212 500 1211 500 1210 500 1209 500 1208 500 1207 500 1206 500 1205 500 1204 500 1203 500 1202 500 1201 500 1200 500 1199 500 1198 500 1197 500 1196 500 1195 500 1194 500 1193 500 1192 499 1191 499 1190 499 1189 499 1188 499 1187 499 1186 499 1185 499 1184 499 1183 499 1182 499 1181 498 1181 497 1180 497 1179 496 1179 495 1179 494 1179 493 1179 492 1179 491 1179 490 1179 489 1179 488 1179 487 1179 486 1179 485 1179 484 1179 483 1179 482 1179 481 1179 480 1179 479 1179 478 1179 477 1179 476 1179 475 1179 474 1179 473 1179 472 1179 471 1179 470 1179 469 1179 468 1179 467 1179 466 1179 465 1179 464 1179 463 1179 462 1179 461 1179 460 1179 459 1179 458 1179 457 1179 456 1179 455 1179 454 1179 453 1178 453 1177 452 1178 451 1179 451 1178 451 1177 450 1178 449 1179 449 1178 449 1177 448 1176 448 1175 448 1174 448 1173 448 1172 448 1171 448 1170 448 1169 448 1168 448 1167 448 1166 448 1165 448 1164 448 1163 448 1162 448 1161 448 0 "NO_VALID_ADJACENT_EDGES: polygon=71,eligible_arcs=400,connection=54462,direction_or_position_arc=13332,discontinuous_arc=8029,short_or_residual_arc=3999"
480 0 2 0 323 1324.328125 450.25 1323.625 520.5625 1323.625 520.5625 1254.015625 518.453125 1316 448 1315 449 1314 449 1313 449 1312 449 1311 450 1310 450 1311 451 1310 452 1310 453 1310 454 1310 455 1310 456 1310 457 1310 458 1310 459 1310 460 1310 461 1310 462 1310 463 1310 464 1310 465 1310 466 1310 467 1310 468 1310 469 1310 470 1310 471 1310 472 1310 473 1310 474 1310 475 1310 476 1310 477 1310 478 1310 479 1310 480 1310 481 1310 482 1310 483 1310 484 1310 485 1310 486 1310 487 1310 488 1310 489 1310 490 1310 491 1310 492 1310 493 1310 494 1310 495 1310 496 1310 497 1309 498 1308 498 1309 498 1310 499 1309 500 1308 500 1307 500 1306 500 1305 500 1304 500 1303 500 1302 500 1301 500 1300 500 1299 500 1298 500 1297 500 1296 500 1295 500 1294 500 1293 500 1292 500 1291 500 1290 500 1289 500 1288 500 1287 500 1286 500 1285 500 1284 500 1283 500 1282 500 1281 500 1280 500 1279 500 1278 500 1277 500 1276 500 1275 500 1274 500 1273 500 1272 500 1271 500 1270 500 1269 500 1268 500 1267 500 1266 500 1265 500 1264 500 1263 500 1262 500 1261 500 1260 501 1259 502 1258 502 1258 503 1257 504 1256 504 1257 504 1258 505 1257 506 1256 506 1257 506 1258 507 1257 508 1256 508 1257 508 1258 509 1257 510 1256 510 1257 510 1258 511 1257 512 1256 512 1257 512 1258 513 1258 514 1258 515 1258 516 1259 516 1260 517 1261 517 1262 518 1263 518 1264 518 1265 518 1266 518 1267 518 1268 518 1269 518 1270 518 1271 518 1272 518 1273 518 1274 518 1275 518 1276 518 1277 518 1278 518 1279 518 1280 518 1281 518 1282 518 1283 518 1284 518 1285 518 1286 518 1287 518 1288 518 1289 518 1290 518 1291 518 1292 518 1293 518 1294 519 1295 519 1296 519 1297 519 1298 519 1299 519 1300 519 1301 519 1302 519 1303 519 1304 519 1305 519 1306 519 1307 519 1308 519 1309 519 1310 519 1311 519 1312 519 1313 519 1314 519 1315 519 1316 519 1317 519 1318 519 1319 519 1320 519 1321 519 1322 519 1323 519 1324 519 1325 518 1326 518 1327 518 1328 517 1329 517 1329 516 1329 515 1329 514 1330 513 1331 513 1330 513 1329 512 1330 511 1331 511 1330 511 1329 510 1330 509 1331 509 1331 508 1331 507 1331 506 1331 505 1331 504 1331 503 1331 502 1331 501 1331 500 1331 499 1330 499 1329 498 1330 497 1331 497 1331 496 1331 495 1330 495 1329 494 1330 493 1331 493 1330 492 1331 491 1330 491 1329 490 1330 489 1331 489 1330 488 1331 487 1330 487 1329 486 1330 485 1331 485 1330 484 1331 483 1330 483 1329 482 1330 481 1331 481 1330 481 1329 480 1330 479 1331 479 1330 479 1329 478 1330 477 1331 477 1330 477 1329 476 1330 475 1331 475 1330 475 1329 474 1330 473 1331 473 1330 473 1329 472 1330 471 1331 471 1330 471 1329 470 1330 469 1331 469 1330 469 1329 468 1330 467 1331 467 1330 467 1329 466 1330 465 1331 465 1330 465 1329 464 1330 463 1331 463 1330 463 1329 462 1330 461 1331 461 1330 461 1329 460 1330 459 1331 459 1330 459 1329 458 1330 457 1331 457 1330 457 1329 456 1329 455 1329 454 1329 453 1329 452 1329 451 1328 450 1327 449 1326 449 1325 449 1324 449 1323 448 1322 448 1321 448 1320 448 1319 448 1318 448 1317 448 0 "NO_VALID_ADJACENT_EDGES: polygon=69,eligible_arcs=177,connection=15228,corner_or_extension=72,direction_or_position_arc=14308,discontinuous_arc=5941,short_or_residual_arc=5334"
511 0 0 5 361 959.265625 395.734375 961.375 326.125 961.375 326.125 1032.390625 328.234375 964 326 963 327 962 327 961 327 960 327 959 328 958 328 958 329 958 330 958 331 958 332 958 333 958 334 958 335 958 336 958 337 957 338 956 338 957 338 958 339 957 340 956 340 957 340 958 341 957 342 956 342 957 342 958 343 957 344 956 344 957 344 958 345 957 346 956 346 957 346 958 347 957 348 956 348 957 348 958 349 957 350 956 350 957 350 958 351 957 352 956 352 957 352 958 353 957 354 956 354 957 354 958 355 957 356 956 356 957 356 958 357 957 358 956 358 957 358 958 359 957 360 956 360 957 360 958 361 957 362 956 362 957 362 958 363 957 364 956 364 957 364 958 365 957 366 956 366 957 366 958 367 957 368 956 368 957 368 958 369 957 370 956 370 957 370 958 371 957 372 956 372 957 372 958 373 957 374 956 374 957 374 958 375 957 376 956 376 957 376 958 377 957 378 956 378 957 378 958 379 957 380 956 380 957 380 958 381 957 382 956 382 957 382 958 383 957 384 956 384 957 384 958 385 957 386 956 386 957 386 958 387 957 388 956 388 957 388 958 389 957 390 956 390 957 390 958 391 957 392 956 392 957 392 958 393 958 394 958 395 959 395 960 396 961 396 962 396 963 396 964 396 965 396 966 396 967 396 968 396 969 396 970 396 971 396 972 396 973 396 974 395 975 395 976 395 977 395 976 394 977 393 977 392 977 391 977 390 977 389 977 388 977 387 977 386 977 385 977 384 978 383 979 383 978 383 977 382 978 381 979 381 978 381 977 380 978 379 979 379 978 379 977 378 978 377 979 377 978 377 977 376 978 375 979 375 978 375 977 374 978 373 979 373 978 373 977 372 978 371 979 371 978 371 977 370 978 369 979 369 978 369 977 368 978 367 979 367 978 367 977 366 978 365 979 365 978 365 977 364 978 363 979 363 978 363 977 362 978 361 979 361 978 361 977 360 978 359 979 359 978 358 979 357 979 356 979 355 979 354 979 353 979 352 979 351 979 350 979 349 979 348 979 347 979 346 980 345 981 345 982 345 983 345 984 345 985 345 986 345 987 345 988 345 989 345 990 345 991 345 992 345 993 345 994 345 995 345 996 345 997 345 998 345 999 345 1000 345 1001 345 1002 345 1003 345 1004 345 1005 345 1006 345 1007 345 1008 345 1009 345 1010 345 1011 345 1012 345 1013 345 1014 345 1015 345 1016 345 1017 345 1018 345 1019 345 1020 345 1021 345 1022 345 1023 345 1024 345 1025 345 1026 345 1027 345 1028 344 1029 344 1030 343 1031 343 1030 343 1029 342 1030 341 1031 341 1030 341 1029 340 1030 339 1031 339 1031 338 1031 337 1031 336 1031 335 1031 334 1031 333 1030 333 1029 332 1030 331 1031 331 1030 331 1029 330 1030 329 1029 328 1028 328 1027 328 1026 328 1025 328 1024 328 1023 327 1022 327 1021 327 1020 327 1019 327 1018 327 1017 327 1016 327 1015 327 1014 327 1013 327 1012 327 1011 327 1010 327 1009 327 1008 327 1007 327 1006 327 1005 327 1004 327 1003 327 1002 327 1001 327 1000 327 999 327 998 327 997 327 996 327 995 327 994 327 993 327 992 327 991 327 990 327 989 327 988 327 987 327 986 327 985 327 984 327 983 327 982 327 981 327 980 327 979 327 978 327 977 327 976 327 975 327 974 326 973 326 972 326 971 326 970 326 969 326 968 326 967 326 966 326 965 326 0 "NO_VALID_ADJACENT_EDGES: polygon=100,eligible_arcs=906,connection=108346,corner_or_extension=984,direction_or_position_arc=25391,discontinuous_arc=16390,short_or_residual_arc=4619"
512 0 2 0 353 1131.953125 448.046875 1131.25 519.0625 1131.25 519.0625 1063.046875 517.65625 1124 447 1123 448 1122 448 1121 448 1120 448 1119 448 1118 448 1118 449 1118 450 1118 451 1118 452 1118 453 1118 454 1118 455 1118 456 1118 457 1118 458 1118 459 1118 460 1118 461 1118 462 1118 463 1117 464 1116 464 1117 464 1118 465 1117 466 1116 466 1117 466 1118 467 1117 468 1116 468 1117 468 1118 469 1117 470 1116 470 1117 470 1118 471 1117 472 1116 472 1117 472 1118 473 1117 474 1116 474 1117 474 1118 475 1117 476 1116 476 1117 476 1118 477 1117 478 1116 478 1117 478 1118 479 1118 480 1118 481 1118 482 1118 483 1118 484 1118 485 1117 486 1116 486 1117 486 1118 487 1117 488 1116 488 1117 488 1118 489 1117 490 1116 490 1117 490 1118 491 1117 492 1116 492 1116 493 1116 494 1116 495 1116 496 1116 497 1115 498 1114 498 1113 499 1112 499 1111 499 1110 499 1109 499 1108 499 1107 499 1106 499 1105 499 1104 499 1103 499 1102 499 1101 499 1100 499 1099 499 1098 499 1097 499 1096 499 1095 499 1094 498 1093 498 1092 498 1091 498 1090 498 1089 498 1088 498 1087 498 1086 498 1085 498 1084 498 1083 498 1082 498 1081 498 1080 498 1079 498 1078 498 1077 498 1076 498 1075 498 1074 498 1073 498 1072 498 1071 498 1070 498 1069 499 1068 499 1067 500 1066 500 1065 500 1064 500 1065 500 1066 501 1065 502 1064 502 1064 503 1064 504 1064 505 1064 506 1064 507 1064 508 1064 509 1064 510 1064 511 1064 512 1065 512 1066 513 1065 514 1066 515 1067 515 1068 516 1069 516 1070 516 1071 516 1072 516 1073 516 1074 516 1075 516 1076 516 1077 516 1078 516 1079 517 1080 516 1081 517 1082 517 1083 517 1084 517 1085 517 1086 517 1087 517 1088 517 1089 517 1090 517 1091 517 1092 517 1093 517 1094 517 1095 517 1096 517 1097 517 1098 517 1099 517 1100 517 1101 517 1102 517 1103 517 1104 517 1105 517 1106 517 1107 517 1108 517 1109 517 1110 517 1111 517 1112 517 1113 517 1114 517 1115 517 1116 517 1117 517 1118 517 1119 517 1120 517 1121 517 1122 517 1123 517 1124 517 1125 517 1126 517 1127 517 1128 517 1129 517 1130 517 1131 517 1132 517 1133 517 1134 517 1135 517 1135 516 1136 515 1137 515 1137 514 1137 513 1137 512 1137 511 1137 510 1137 509 1137 508 1137 507 1137 506 1138 505 1139 505 1138 505 1137 504 1138 503 1139 503 1138 503 1137 502 1138 501 1139 501 1138 501 1137 500 1138 499 1139 499 1138 499 1137 498 1138 497 1139 497 1138 497 1137 496 1138 495 1139 495 1138 495 1137 494 1138 493 1139 493 1138 493 1137 492 1138 491 1139 491 1138 491 1137 490 1138 489 1139 489 1138 489 1137 488 1138 487 1139 487 1138 487 1137 486 1138 485 1139 485 1138 485 1137 484 1138 483 1139 483 1138 483 1137 482 1138 481 1139 481 1138 481 1137 480 1138 479 1139 479 1138 479 1137 478 1138 477 1139 477 1138 477 1137 476 1138 475 1139 475 1138 475 1137 474 1138 473 1139 473 1138 473 1137 472 1138 471 1139 471 1138 471 1137 470 1138 469 1139 469 1138 469 1137 468 1138 467 1139 467 1138 467 1137 466 1138 465 1139 465 1138 465 1137 464 1138 463 1139 463 1138 463 1137 462 1138 461 1139 461 1138 461 1137 460 1138 459 1139 459 1138 459 1137 458 1138 457 1139 457 1138 457 1137 456 1138 455 1139 455 1138 455 1137 454 1138 453 1139 453 1138 453 1137 452 1137 451 1137 450 1137 449 1136 449 1135 448 1134 448 1133 448 1132 448 1131 448 1130 447 1129 447 1128 447 1127 447 1126 447 1125 447 0 "NO_VALID_ADJACENT_EDGES: polygon=95,eligible_arcs=865,connection=156767,corner_or_extension=1521,direction_or_position_arc=26710,discontinuous_arc=15017,short_or_residual_arc=4714"
515 0 2 0 342 1098.15625 446.359375 1096.75 517.375 1096.75 517.375 1027.84375 516.671875 1086 447 1085 448 1084 448 1083 448 1082 448 1082 449 1082 450 1082 451 1082 452 1082 453 1082 454 1082 455 1082 456 1082 457 1082 458 1082 459 1081 460 1080 460 1081 460 1082 461 1081 462 1080 462 1081 462 1082 463 1081 464 1080 464 1081 464 1082 465 1081 466 1080 466 1081 466 1082 467 1081 468 1080 468 1081 468 1082 469 1081 470 1080 470 1081 470 1082 471 1081 472 1080 472 1081 472 1082 473 1081 474 1080 474 1081 474 1082 475 1081 476 1080 476 1081 476 1082 477 1081 478 1080 478 1081 478 1082 479 1082 480 1082 481 1082 482 1082 483 1082 484 1082 485 1081 486 1080 486 1081 486 1082 487 1081 488 1080 488 1081 488 1082 489 1081 490 1080 490 1081 490 1082 491 1081 492 1080 492 1080 493 1080 494 1080 495 1080 496 1080 497 1079 498 1078 498 1077 498 1076 498 1075 498 1074 498 1073 498 1072 498 1071 498 1070 498 1069 498 1068 498 1067 498 1066 498 1065 498 1064 498 1063 498 1062 498 1061 498 1060 498 1059 498 1058 498 1057 498 1056 498 1055 498 1054 498 1053 498 1052 498 1051 498 1050 498 1049 498 1048 498 1047 498 1046 498 1045 498 1044 498 1043 498 1042 498 1041 498 1040 498 1039 498 1038 498 1037 498 1036 498 1035 498 1034 498 1033 498 1032 498 1032 499 1031 500 1030 500 1029 500 1028 500 1029 500 1030 501 1029 502 1028 502 1028 503 1028 504 1028 505 1028 506 1028 507 1028 508 1028 509 1028 510 1028 511 1028 512 1029 512 1030 513 1030 514 1030 515 1031 515 1032 516 1033 516 1034 516 1035 516 1036 516 1037 516 1038 516 1039 516 1040 516 1041 516 1042 516 1043 516 1044 516 1045 516 1046 516 1047 516 1048 516 1049 516 1050 516 1051 516 1052 516 1053 516 1054 516 1055 516 1056 516 1057 516 1058 517 1059 517 1060 517 1061 517 1062 517 1063 517 1064 517 1065 517 1066 517 1067 517 1068 517 1069 517 1070 517 1071 517 1072 517 1073 517 1074 517 1075 517 1076 517 1077 517 1078 517 1079 517 1080 517 1081 517 1082 517 1083 517 1084 517 1085 517 1086 517 1087 517 1088 517 1089 517 1090 517 1091 517 1092 517 1093 517 1094 517 1095 517 1096 517 1097 517 1098 516 1099 516 1100 515 1101 515 1101 514 1101 513 1101 512 1102 511 1103 511 1102 511 1101 510 1102 509 1103 509 1102 509 1101 508 1102 507 1103 507 1102 507 1101 506 1102 505 1103 505 1102 505 1101 504 1102 503 1103 503 1103 502 1103 501 1103 500 1103 499 1103 498 1103 497 1103 496 1103 495 1102 495 1101 494 1102 493 1103 493 1102 492 1103 491 1102 491 1101 490 1102 489 1103 489 1102 488 1103 487 1102 487 1101 486 1102 485 1103 485 1102 484 1103 483 1102 483 1101 482 1102 481 1103 481 1102 480 1103 479 1102 479 1101 478 1102 477 1103 477 1102 476 1103 475 1102 475 1101 474 1102 473 1103 473 1102 472 1103 471 1102 471 1101 470 1102 469 1103 469 1102 468 1103 467 1102 467 1101 466 1102 465 1103 465 1102 465 1101 464 1102 463 1103 463 1103 462 1103 461 1102 461 1101 460 1102 459 1103 459 1102 459 1101 458 1102 457 1103 457 1102 457 1101 456 1102 455 1103 455 1102 455 1101 454 1102 453 1103 453 1102 453 1101 452 1102 451 1103 451 1102 451 1101 450 1101 449 1101 448 1100 448 1099 447 1098 447 1097 447 1096 447 1095 447 1094 447 1093 447 1092 447 1091 447 1090 447 1089 447 1088 447 1087 447 0 "NO_VALID_ADJACENT_EDGES: polygon=91,eligible_arcs=142,direction_or_position_arc=28326,discontinuous_arc=9297,short_or_residual_arc=5291"
533 0 1 3 157 864.4375 326.171875 895.9375 326.5 895.9375 326.5 895.609375 359.640625 873 327 872 328 871 328 870 328 869 328 868 328 868 329 868 330 868 331 868 332 868 333 867 334 866 334 867 334 868 335 867 336 866 336 867 336 868 337 867 338 866 338 867 338 868 339 868 340 868 341 868 342 868 343 868 344 869 344 870 344 871 344 872 345 873 345 874 345 875 345 876 345 877 345 878 345 879 345 880 346 881 346 882 347 881 348 880 348 881 348 882 349 881 350 880 350 881 350 882 351 881 352 880 352 881 352 882 353 882 354 882 355 882 356 882 357 882 358 883 358 884 358 885 359 886 359 887 359 888 359 889 359 890 359 891 359 892 359 893 359 894 359 895 359 896 359 897 359 898 359 899 359 899 358 900 357 901 357 901 356 901 355 901 354 902 353 903 353 902 353 901 352 902 351 903 351 902 351 901 350 902 349 903 349 902 349 901 348 902 347 903 347 902 347 901 346 902 345 903 345 902 345 901 344 902 343 903 343 902 343 901 342 902 341 903 341 902 341 901 340 902 339 903 339 902 339 901 338 902 337 903 337 902 336 903 335 902 335 901 334 902 333 903 333 902 333 901 332 902 331 903 331 902 331 901 330 901 329 901 328 900 328 899 328 898 328 897 328 896 328 895 328 894 327 893 327 892 327 891 327 890 327 889 327 888 327 887 327 886 327 885 327 884 327 883 327 882 327 881 327 880 327 879 327 878 327 877 327 876 327 875 327 874 327 0 "NO_VALID_ADJACENT_EDGES: polygon=45,eligible_arcs=45,connection=88,direction_or_position_arc=6921,discontinuous_arc=3012,short_or_residual_arc=1578"
538 0 0 3 338 658.515625 397.65625 657.8125 328.75 657.8125 328.75 728.125 327.34375 706 325 705 326 704 326 703 326 702 326 701 326 700 326 699 326 698 326 697 326 696 326 695 326 694 326 693 326 692 326 691 326 690 326 689 326 688 326 687 326 686 326 685 326 684 326 683 326 682 326 681 326 680 326 679 326 678 326 677 326 676 326 675 326 674 326 673 326 672 326 671 326 670 326 669 326 668 326 667 326 666 326 665 326 664 326 663 326 662 326 661 327 660 327 659 328 658 328 658 329 657 330 656 330 657 330 658 331 657 332 656 332 657 332 658 333 657 334 656 334 657 334 658 335 657 336 656 336 657 337 656 338 657 338 658 339 657 340 656 340 657 340 658 341 657 342 656 342 657 342 658 343 657 344 656 344 657 344 658 345 657 346 656 346 657 346 658 347 657 348 656 348 657 348 658 349 657 350 656 350 657 350 658 351 657 352 656 352 657 352 658 353 657 354 656 354 657 354 658 355 657 356 656 356 657 356 658 357 657 358 656 358 657 358 658 359 657 360 656 360 657 360 658 361 657 362 656 362 657 362 658 363 657 364 656 364 657 364 658 365 657 366 656 366 657 366 658 367 657 368 656 368 657 368 658 369 657 370 656 370 657 370 658 371 657 372 656 372 657 372 658 373 657 374 656 374 657 374 658 375 657 376 656 376 657 376 658 377 657 378 656 378 657 378 658 379 657 380 656 380 657 380 658 381 657 382 656 382 657 382 658 383 657 384 656 384 657 384 658 385 657 386 656 386 657 386 658 387 657 388 658 389 658 390 658 391 658 392 658 393 658 394 659 394 660 395 661 395 662 395 663 395 664 395 665 395 666 395 667 395 668 395 669 395 670 395 671 395 672 395 673 395 674 395 675 395 675 394 676 393 677 393 677 392 677 391 677 390 677 389 677 388 677 387 677 386 677 385 677 384 677 383 677 382 677 381 677 380 677 379 677 378 677 377 677 376 677 375 677 374 677 373 677 372 677 371 677 370 677 369 677 368 677 367 677 366 677 365 677 364 677 363 677 362 677 361 677 360 677 359 677 358 677 357 677 356 677 355 677 354 678 353 679 353 678 353 677 352 678 351 679 351 678 351 677 350 678 349 679 349 678 349 677 348 678 347 679 347 678 347 677 346 678 345 679 345 680 344 681 344 682 344 683 344 684 344 685 344 686 344 687 344 688 344 689 344 690 344 691 344 692 343 693 343 694 343 695 343 696 343 697 343 698 343 699 343 700 343 701 343 702 343 703 343 704 343 705 343 706 343 707 343 708 343 709 343 710 343 711 343 712 343 713 343 714 343 715 343 716 343 717 343 718 343 719 343 720 343 721 343 722 343 723 343 724 343 725 343 726 342 727 342 728 341 729 341 728 341 727 340 728 339 729 339 729 338 729 337 729 336 729 335 729 334 729 333 729 332 729 331 729 330 729 329 728 329 727 328 728 327 729 327 728 327 727 326 726 326 725 326 724 326 723 325 722 325 721 325 720 325 719 325 718 325 717 325 716 325 715 325 714 325 713 325 712 325 711 325 710 325 709 325 708 325 707 325 0 "NO_VALID_ADJACENT_EDGES: polygon=80,eligible_arcs=621,connection=82840,direction_or_position_arc=16929,discontinuous_arc=9978,short_or_residual_arc=4692"
538 0 2 1 323 846.484375 439.84375 847.1875 508.75 847.1875 508.75 776.875 510.15625 832 440 831 441 830 441 829 442 828 442 828 443 828 444 828 445 828 446 828 447 828 448 828 449 828 450 828 451 828 452 828 453 828 454 828 455 828 456 828 457 828 458 828 459 828 460 828 461 828 462 828 463 828 464 828 465 828 466 828 467 828 468 828 469 828 470 828 471 828 472 828 473 828 474 828 475 828 476 828 477 828 478 828 479 828 480 828 481 828 482 828 483 828 484 828 485 828 486 828 487 828 488 828 489 828 490 828 491 827 492 826 492 825 492 824 492 823 492 822 492 821 492 820 492 819 492 818 492 817 492 816 492 815 492 814 492 813 492 812 492 811 492 810 492 809 492 808 492 807 492 806 492 805 492 804 492 803 492 802 492 801 492 800 492 799 492 798 492 797 492 796 492 795 493 794 493 793 493 792 493 791 493 790 493 789 493 788 493 787 493 786 493 785 493 784 493 783 493 782 493 781 493 780 493 779 494 778 494 777 494 776 494 776 495 776 496 776 497 776 498 776 499 776 500 776 501 776 502 776 503 776 504 776 505 776 506 776 507 776 508 777 508 778 509 778 510 779 510 780 511 781 511 782 511 783 511 784 511 785 511 786 511 787 511 788 511 789 511 790 511 791 511 792 511 793 511 794 511 795 511 796 511 797 511 798 511 799 511 800 511 801 511 802 511 803 511 804 511 805 511 806 511 807 511 808 511 809 511 810 511 811 511 812 511 813 511 814 511 815 511 816 511 817 510 818 510 819 510 820 510 821 510 822 510 823 510 824 510 825 510 826 510 827 510 828 510 829 510 830 510 831 510 832 510 833 510 834 510 835 510 836 510 837 510 838 510 839 510 840 510 841 510 842 510 843 510 844 510 845 509 846 509 847 509 847 508 848 507 849 507 848 507 847 506 848 505 849 505 848 505 847 504 848 503 849 503 848 503 847 502 848 501 849 501 848 501 847 500 848 499 849 499 849 498 849 497 849 496 849 495 848 495 847 494 848 493 849 493 848 493 847 492 848 491 849 491 848 491 847 490 848 489 849 489 848 489 847 488 848 487 849 487 848 487 847 486 848 485 849 485 848 485 847 484 848 483 849 483 848 483 847 482 848 481 849 481 848 481 847 480 848 479 849 479 848 479 847 478 848 477 849 477 848 477 847 476 848 475 849 475 848 475 847 474 848 473 849 473 848 473 847 472 848 471 849 471 848 471 847 470 848 469 849 469 848 469 847 468 848 467 849 467 848 467 847 466 848 465 849 465 848 465 847 464 848 463 849 463 848 463 847 462 848 461 849 461 848 461 847 460 848 459 849 459 848 459 847 458 848 457 849 457 848 457 847 456 848 455 847 454 848 453 849 453 848 453 847 452 848 451 847 450 847 449 847 448 847 447 847 446 847 445 847 444 847 443 847 442 846 442 845 441 844 441 843 440 842 440 841 440 840 440 839 440 838 440 837 440 836 440 835 440 834 440 833 440 0 "NO_VALID_ADJACENT_EDGES: polygon=63,eligible_arcs=405,connection=72072,direction_or_position_arc=11586,discontinuous_arc=6434,short_or_residual_arc=4527"
565 0 2 0 328 641.078125 442.1875 640.375 512.5 640.375 512.5 573.578125 512.5 628 442 628 443 627 444 626 444 627 444 628 445 627 446 626 446 626 447 626 448 626 449 626 450 626 451 626 452 626 453 626 454 626 455 626 456 626 457 626 458 626 459 626 460 626 461 626 462 626 463 626 464 626 465 626 466 626 467 626 468 626 469 626 470 626 471 626 472 626 473 626 474 626 475 626 476 627 476 628 477 627 478 626 478 626 479 626 480 626 481 626 482 626 483 626 484 626 485 626 486 626 487 626 488 626 489 626 490 626 491 625 492 624 492 623 493 622 493 621 493 620 493 619 493 618 493 617 493 616 493 615 493 614 493 613 493 612 493 611 493 610 493 609 493 608 493 607 493 606 493 605 494 604 494 603 494 602 494 601 494 600 494 599 494 598 494 597 494 596 494 595 494 594 494 593 494 592 494 591 494 590 494 589 494 588 494 587 494 586 494 585 494 584 494 583 494 582 494 581 494 580 494 579 494 578 494 577 494 576 494 576 495 575 496 574 496 575 496 576 497 575 498 574 498 574 499 574 500 574 501 574 502 574 503 574 504 574 505 574 506 575 506 576 507 575 508 574 508 575 508 576 509 576 510 577 510 578 511 579 511 580 511 581 511 582 511 583 511 584 511 585 511 586 511 587 511 588 511 589 511 590 511 591 511 592 511 593 511 594 511 595 511 596 511 597 511 598 511 599 511 600 511 601 511 602 511 603 511 604 511 605 511 606 511 607 511 608 511 609 511 610 511 611 511 612 511 613 511 614 511 615 511 616 511 617 511 618 511 619 511 620 511 621 511 622 511 623 511 624 511 625 511 626 511 627 511 628 511 629 511 630 511 631 511 632 511 633 511 634 511 635 511 636 511 637 511 638 511 639 511 640 511 641 511 642 511 643 511 644 510 645 510 646 509 647 509 647 508 647 507 647 506 647 505 647 504 647 503 647 502 647 501 647 500 648 499 647 498 648 497 649 497 648 497 647 496 648 495 649 495 648 495 647 494 648 493 649 493 648 493 647 492 648 491 649 491 648 491 647 490 648 489 649 489 648 489 647 488 648 487 649 487 648 487 647 486 648 485 649 485 648 485 647 484 648 483 649 483 648 483 647 482 648 481 649 481 648 481 647 480 648 479 649 479 648 479 647 478 648 477 649 477 648 477 647 476 648 475 649 475 648 475 647 474 648 473 649 473 648 473 647 472 648 471 649 471 648 471 647 470 648 469 649 469 648 469 647 468 648 467 649 467 648 467 647 466 648 465 649 465 648 465 647 464 648 463 649 463 648 463 647 462 648 461 649 461 648 461 647 460 648 459 649 459 648 459 647 458 648 457 649 457 648 457 647 456 648 455 649 455 648 455 647 454 648 453 649 453 648 453 647 452 647 451 647 450 647 449 647 448 647 447 647 446 647 445 647 444 647 443 646 443 645 442 644 442 643 442 642 442 641 442 640 442 639 442 638 442 637 442 636 442 635 442 634 442 633 442 632 442 631 442 630 442 629 442 0 "NO_VALID_ADJACENT_EDGES: polygon=67,eligible_arcs=561,connection=76650,corner_or_extension=310,direction_or_position_arc=14294,discontinuous_arc=7206,short_or_residual_arc=3379"
579 0 1 3 143 460.9375 330.0625 492.4375 330.0625 492.4375 330.0625 492.109375 361.890625 470 326 469 327 468 327 467 328 466 327 465 328 464 328 464 329 464 330 464 331 464 332 464 333 464 334 464 335 464 336 464 337 464 338 464 339 464 340 464 341 464 342 464 343 465 343 466 344 467 344 468 344 469 344 470 344 471 344 472 344 473 344 474 344 475 344 476 345 476 346 477 346 478 347 478 348 478 349 478 350 478 351 478 352 478 353 478 354 478 355 478 356 478 357 479 357 480 357 481 358 482 358 483 358 484 358 485 358 486 358 487 358 488 358 489 358 490 358 491 358 492 357 493 357 494 357 495 357 496 357 497 357 497 356 497 355 497 354 497 353 497 352 498 351 499 351 498 351 497 350 498 349 499 349 498 349 497 348 498 347 499 347 498 347 497 346 498 345 499 345 498 345 497 344 498 343 499 343 498 343 497 342 498 341 499 341 498 341 497 340 498 339 499 339 498 339 497 338 498 337 499 337 498 337 497 336 498 335 499 335 499 334 499 333 498 333 497 332 498 331 499 331 498 331 497 330 498 329 499 329 498 329 497 328 496 327 495 327 494 327 493 327 492 327 491 326 490 326 489 326 488 326 487 326 486 326 485 326 484 326 483 326 482 326 481 326 480 326 479 326 478 326 477 326 476 326 475 326 474 326 473 326 472 326 471 326 0 "NO_VALID_ADJACENT_EDGES: polygon=31,eligible_arcs=45,connection=88,direction_or_position_arc=3858,discontinuous_arc=1358,short_or_residual_arc=1381"
610 0 1 5 141 202.609375 325.84375 234.4375 325.1875 234.4375 325.1875 234.4375 357.015625 221 323 220 324 219 324 218 324 217 324 216 324 215 324 214 324 213 324 212 324 211 324 210 324 209 324 208 324 207 324 206 324 205 324 204 324 204 325 204 326 204 327 204 328 204 329 204 330 204 331 204 332 204 333 204 334 204 335 204 336 204 337 204 338 204 339 204 340 205 340 206 341 207 341 208 341 209 341 210 341 211 341 212 341 213 341 214 341 215 341 216 342 217 342 218 343 218 344 218 345 218 346 218 347 218 348 218 349 218 350 218 351 218 352 218 353 218 354 219 354 220 354 221 354 222 354 223 354 224 354 225 354 226 354 227 354 228 354 229 354 230 354 231 354 232 353 233 353 233 352 234 351 235 351 234 351 233 350 234 349 235 349 234 349 233 348 234 347 235 347 234 347 233 346 234 345 235 345 234 345 233 344 234 343 235 343 234 343 233 342 234 341 235 341 234 341 233 340 234 339 235 339 234 339 233 338 234 337 235 337 234 337 233 336 234 335 235 335 234 335 233 334 234 333 235 333 234 332 235 331 234 331 233 330 234 329 235 329 234 329 233 328 234 327 235 327 234 327 233 326 234 325 235 325 234 325 233 324 233 323 232 323 231 323 230 323 229 323 228 323 227 323 226 323 225 323 224 323 223 323 222 323 0 "NO_VALID_ADJACENT_EDGES: polygon=32,eligible_arcs=46,connection=410,direction_or_position_arc=3034,discontinuous_arc=1526,short_or_residual_arc=1400"
614 0 0 3 333 64.5625 397.84375 64.5625 328.9375 64.5625 328.9375 132.765625 326.828125 109 327 108 328 107 328 106 328 105 328 104 328 103 328 102 328 101 328 100 328 99 328 98 328 97 328 96 328 95 328 94 328 93 328 92 328 91 328 90 328 89 328 88 328 87 328 86 328 85 328 84 328 83 328 82 328 81 328 80 328 79 328 78 328 77 328 76 328 75 328 74 328 73 328 72 328 71 329 70 329 69 329 68 329 67 330 66 330 66 331 66 332 66 333 66 334 66 335 66 336 66 337 66 338 66 339 65 340 64 340 65 340 66 341 65 342 64 342 65 342 66 343 65 344 64 344 65 344 66 345 65 346 64 346 65 346 66 347 65 348 64 348 65 348 66 349 65 350 64 350 65 350 66 351 65 352 64 352 65 352 66 353 65 354 64 354 65 354 66 355 65 356 64 356 65 356 66 357 65 358 64 358 65 358 66 359 65 360 64 360 65 360 66 361 65 362 64 362 65 362 66 363 65 364 64 364 65 364 66 365 65 366 64 366 65 366 66 367 65 368 64 368 65 368 66 369 65 370 64 370 65 370 66 371 65 372 64 372 65 372 66 373 65 374 64 374 65 374 66 375 65 376 64 376 65 376 66 377 65 378 64 378 65 378 66 379 65 380 64 380 65 380 66 381 65 382 64 382 65 382 66 383 65 384 64 384 65 384 66 385 65 386 64 386 65 386 66 387 65 388 64 388 65 388 66 389 65 390 64 390 65 390 66 391 66 392 66 393 66 394 66 395 66 396 67 396 68 396 69 396 70 396 71 396 72 396 73 396 74 396 75 396 76 396 77 396 78 396 79 396 80 395 81 395 81 394 82 393 83 393 82 393 81 392 82 391 83 391 82 391 81 390 82 389 83 389 82 389 81 388 82 387 83 387 82 387 81 386 82 385 83 385 82 384 83 383 83 382 83 381 83 380 83 379 83 378 83 377 83 376 83 375 83 374 83 373 83 372 83 371 83 370 83 369 83 368 83 367 83 366 83 365 83 364 83 363 83 362 83 361 83 360 83 359 83 358 83 357 83 356 83 355 83 354 83 353 83 352 83 351 83 350 83 349 83 348 83 347 84 346 85 346 86 345 87 345 88 345 89 345 90 345 91 345 92 345 93 345 94 345 95 345 96 345 97 345 98 345 99 345 100 345 101 345 102 345 103 345 104 345 105 345 106 345 107 345 108 345 109 345 110 345 111 345 112 345 113 345 114 345 115 345 116 345 117 344 118 344 119 344 120 344 121 344 122 344 123 344 124 344 125 344 126 344 127 344 128 343 129 343 130 343 131 343 131 342 132 341 133 341 132 341 131 340 132 339 133 339 132 339 131 338 132 337 133 337 132 337 131 336 132 335 133 335 132 335 131 334 132 333 133 333 132 333 131 332 132 331 133 331 132 331 131 330 132 329 133 329 132 329 131 328 131 327 130 327 129 327 128 327 127 327 126 327 125 327 124 327 123 327 122 327 121 327 120 327 119 327 118 327 117 327 116 327 115 327 114 327 113 327 112 327 111 327 110 327 0 "NO_VALID_ADJACENT_EDGES: polygon=84,eligible_arcs=765,connection=108490,corner_or_extension=1110,direction_or_position_arc=19130,discontinuous_arc=12248,short_or_residual_arc=4529"
620 0 2 1 366 282.4375 439.375 282.4375 506.875 282.4375 506.875 214.234375 508.28125 270 439 269 440 268 440 267 440 266 440 266 441 266 442 266 443 266 444 266 445 265 446 264 446 265 446 266 447 265 448 264 448 265 448 266 449 265 450 264 450 265 450 266 451 265 452 264 452 265 452 266 453 265 454 264 454 265 454 266 455 265 456 264 456 265 456 266 457 265 458 264 458 265 458 266 459 265 460 264 460 265 460 266 461 265 462 264 462 265 462 266 463 265 464 264 464 265 464 266 465 265 466 264 466 265 466 266 467 265 468 264 468 265 468 266 469 265 470 264 470 265 470 266 471 266 472 266 473 266 474 266 475 265 476 266 477 265 478 264 478 265 478 266 479 265 480 264 480 265 480 266 481 265 482 264 482 265 482 266 483 265 484 264 484 265 484 266 485 265 486 264 486 265 486 266 487 265 488 264 488 264 489 263 490 262 490 261 490 260 490 259 490 258 490 257 490 256 490 255 490 254 490 253 490 252 490 251 490 250 490 249 490 248 490 247 490 246 490 245 490 244 490 243 490 242 490 241 490 240 490 239 491 238 491 237 491 236 491 235 491 234 491 233 491 232 491 231 491 230 491 229 491 228 491 227 491 226 491 225 491 224 491 223 492 222 492 221 492 220 492 219 492 218 492 217 492 216 492 216 493 215 494 214 494 215 494 216 495 215 496 214 496 215 496 216 497 215 498 214 498 215 498 216 499 215 500 214 500 215 500 216 501 215 502 214 502 215 502 216 503 215 504 214 504 215 504 216 505 216 506 216 507 216 508 217 508 218 508 219 508 220 509 221 509 222 509 223 509 224 509 225 509 226 509 227 509 228 509 229 509 230 509 231 508 232 508 233 508 234 508 235 508 236 508 237 508 238 508 239 508 240 508 241 508 242 508 243 508 244 508 245 508 246 508 247 508 248 508 249 508 250 508 251 508 252 508 253 508 254 508 255 508 256 508 257 508 258 508 259 508 260 508 261 508 262 508 263 508 264 508 265 508 266 508 267 508 268 507 269 507 270 507 271 507 272 507 273 507 274 507 275 507 276 507 277 507 278 507 279 507 280 507 281 507 282 506 283 506 283 505 283 504 284 503 285 503 284 503 283 502 284 501 285 501 284 501 283 500 284 499 285 499 284 499 283 498 284 497 285 497 284 497 283 496 284 495 285 495 284 495 283 494 284 493 285 493 285 492 285 491 285 490 285 489 285 488 285 487 284 487 283 486 284 485 285 485 284 485 283 484 284 483 285 483 284 483 283 482 284 481 285 481 284 481 283 480 284 479 285 479 284 479 283 478 284 477 285 477 284 477 283 476 284 475 285 475 284 475 283 474 284 473 285 473 284 473 283 472 284 471 285 471 284 471 283 470 284 469 285 469 284 469 283 468 284 467 285 467 284 467 283 466 284 465 285 465 284 465 283 464 284 463 285 463 284 463 283 462 284 461 285 461 284 461 283 460 284 459 285 459 284 459 283 458 284 457 285 457 284 457 283 456 284 455 285 455 284 455 283 454 284 453 285 453 284 453 283 452 284 451 285 451 284 451 283 450 284 449 285 449 284 449 283 448 284 447 285 447 284 447 283 446 284 445 285 445 284 445 283 444 283 443 283 442 283 441 283 440 282 440 281 439 280 439 279 439 278 439 277 439 276 439 275 439 274 439 273 439 272 439 271 439 0 "NO_VALID_ADJACENT_EDGES: polygon=113,eligible_arcs=470,connection=76650,direction_or_position_arc=33833,discontinuous_arc=21704,short_or_residual_arc=5249"
623 0 0 3 357 128.640625 398.640625 127.9375 330.4375 127.9375 330.4375 194.03125 329.03125 181 326 180 327 179 327 178 327 177 327 176 327 175 327 174 327 173 327 172 327 171 327 170 327 169 327 168 327 167 327 166 327 165 327 164 327 163 327 162 327 161 328 160 328 159 328 158 328 157 328 156 328 155 328 154 328 153 328 152 328 151 328 150 328 149 328 148 328 147 328 146 328 145 328 144 328 143 328 142 328 141 328 140 328 139 328 138 328 137 328 136 328 135 328 134 328 133 328 132 328 131 329 130 329 129 330 128 330 128 331 127 332 126 332 127 332 128 333 127 334 126 334 127 334 128 335 127 336 126 336 127 336 128 337 127 338 126 338 127 338 128 339 127 340 126 340 127 340 128 341 127 342 126 342 127 342 128 343 127 344 126 344 127 345 126 346 126 347 126 348 126 349 126 350 126 351 126 352 127 353 126 354 127 354 128 355 127 356 126 356 127 356 128 357 127 358 126 358 127 358 128 359 127 360 126 360 127 360 128 361 127 362 126 362 127 362 128 363 127 364 126 364 127 364 128 365 127 366 126 366 127 366 128 367 127 368 126 368 127 368 128 369 127 370 126 370 127 370 128 371 127 372 126 372 127 372 128 373 127 374 126 374 127 374 128 375 127 376 126 376 127 376 128 377 127 378 126 378 127 378 128 379 127 380 126 380 127 380 128 381 127 382 126 382 127 382 128 383 127 384 126 384 127 384 128 385 127 386 126 386 127 386 128 387 127 388 126 388 127 388 128 389 127 390 126 390 127 390 128 391 127 392 128 393 128 394 128 395 129 395 130 396 131 396 132 396 133 396 134 396 135 396 136 396 137 396 138 396 139 396 140 396 141 396 142 395 143 395 144 395 145 395 145 394 145 393 145 392 145 391 145 390 146 389 147 389 146 389 145 388 146 387 147 387 146 387 145 386 146 385 147 385 146 385 145 384 146 383 147 383 146 383 145 382 146 381 147 381 146 381 145 380 146 379 147 379 146 379 145 378 146 377 147 377 146 377 145 376 146 375 147 375 146 375 145 374 146 373 147 373 146 373 145 372 146 371 147 371 146 371 145 370 146 369 147 369 146 369 145 368 146 367 147 367 146 367 145 366 146 365 147 365 146 365 145 364 146 363 147 363 146 363 145 362 146 361 147 361 146 361 145 360 146 359 147 359 146 359 145 358 146 357 147 357 146 357 145 356 146 355 147 355 146 355 145 354 146 353 147 353 147 352 147 351 146 350 147 349 147 348 147 347 147 346 148 345 149 345 150 345 151 345 152 345 153 345 154 345 155 345 156 345 157 345 158 345 159 345 160 345 161 345 162 345 163 345 164 345 165 345 166 345 167 345 168 345 169 345 170 345 171 345 172 345 173 344 174 344 175 344 176 344 177 344 178 344 179 344 180 344 181 344 182 344 183 344 184 344 185 344 186 344 187 344 188 343 189 343 190 343 191 343 192 343 193 343 194 343 195 343 195 342 195 341 195 340 196 339 197 339 196 339 195 338 196 337 197 337 196 337 195 336 196 335 197 335 196 335 195 334 196 333 197 333 196 333 195 332 195 331 195 330 195 329 195 328 195 327 194 327 193 327 192 327 191 326 190 326 189 326 188 326 187 326 186 326 185 326 184 326 183 326 182 326 0 "NO_VALID_ADJACENT_EDGES: polygon=106,eligible_arcs=382,connection=70914,direction_or_position_arc=31668,discontinuous_arc=18957,short_or_residual_arc=4925"
635 0 2 1 344 439.609375 440.5 437.5 510.8125 437.5 510.8125 370.703125 511.515625 430 441 429 442 428 442 427 442 426 442 425 442 424 442 424 443 424 444 424 445 424 446 424 447 424 448 424 449 424 450 424 451 424 452 424 453 424 454 424 455 424 456 424 457 423 458 424 459 424 460 424 461 423 462 422 462 423 462 424 463 423 464 422 464 423 464 424 465 423 466 422 466 423 466 424 467 423 468 422 468 423 468 424 469 423 470 422 470 423 470 424 471 424 472 424 473 424 474 424 475 424 476 424 477 424 478 424 479 423 480 422 480 423 480 424 481 423 482 422 482 423 482 424 483 423 484 422 484 423 484 424 485 423 486 422 486 423 486 424 487 423 488 422 488 422 489 422 490 422 491 421 492 420 492 419 492 418 492 417 492 416 492 415 492 414 492 413 492 412 492 411 492 410 492 409 492 408 492 407 492 406 492 405 492 404 492 403 492 402 492 401 492 400 492 399 492 398 492 397 493 396 493 395 493 394 493 393 493 392 493 391 493 390 493 389 493 388 493 387 493 386 493 385 493 384 493 383 493 382 493 381 493 380 493 379 493 378 493 377 494 376 494 375 494 374 494 373 494 374 495 373 496 372 496 372 497 372 498 372 499 372 500 372 501 372 502 372 503 372 504 372 505 372 506 372 507 372 508 373 508 374 509 374 510 375 510 376 510 377 510 378 510 379 510 380 510 381 510 382 510 383 510 384 511 385 511 386 511 387 511 388 511 389 511 390 511 391 511 392 510 393 510 394 510 395 510 396 510 397 510 398 510 399 510 400 510 401 510 402 510 403 510 404 510 405 510 406 510 407 510 408 510 409 510 410 510 411 510 412 510 413 510 414 510 415 510 416 510 417 510 418 510 419 510 420 510 421 510 422 510 423 510 424 510 425 510 426 510 427 510 428 510 429 510 430 510 431 510 432 510 433 510 434 510 435 510 436 510 437 510 438 510 439 510 440 509 441 509 442 509 441 508 442 507 443 507 443 506 443 505 443 504 443 503 443 502 443 501 443 500 444 499 445 499 444 499 443 498 444 497 445 497 444 497 443 496 444 495 445 495 444 495 443 494 444 493 445 493 444 493 443 492 444 491 445 491 444 491 443 490 444 489 445 489 444 489 443 488 444 487 445 487 444 487 443 486 444 485 445 485 444 485 443 484 444 483 445 483 444 483 443 482 444 481 445 481 444 481 443 480 444 479 445 479 444 479 443 478 444 477 445 477 444 477 443 476 444 475 445 475 444 475 443 474 444 473 445 473 444 473 443 472 444 471 445 471 444 471 443 470 444 469 445 469 444 469 443 468 444 467 445 467 444 467 443 466 444 465 445 465 444 465 443 464 444 463 445 463 444 463 443 462 444 461 445 461 444 461 443 460 444 459 445 459 444 459 443 458 444 457 445 457 444 457 443 456 444 455 445 455 444 455 443 454 444 453 445 453 444 453 443 452 444 451 445 451 444 451 443 450 444 449 445 449 444 449 443 448 444 447 445 447 444 447 443 446 443 445 443 444 443 443 443 442 442 442 441 442 440 442 439 442 438 441 437 441 436 441 435 441 434 441 433 441 432 441 431 441 0 "NO_VALID_ADJACENT_EDGES: polygon=88,eligible_arcs=857,connection=143352,corner_or_extension=2760,direction_or_position_arc=22208,discontinuous_arc=13137,short_or_residual_arc=4400"
648 0 1 3 141 542.59375 326.265625 574.75 327.25 574.75 327.25 572.78125 359.734375 540 326 540 327 540 328 540 329 540 330 540 331 540 332 540 333 540 334 540 335 540 336 540 337 540 338 540 339 540 340 540 341 540 342 541 342 542 343 543 343 544 343 545 343 546 343 547 343 548 343 549 343 550 343 551 343 552 344 553 344 554 345 554 346 554 347 554 348 554 349 554 350 554 351 554 352 554 353 554 354 554 355 554 356 554 357 555 357 556 357 557 357 558 357 559 357 560 357 561 357 562 357 563 357 564 357 565 357 566 357 567 357 568 357 569 357 570 357 571 357 571 356 571 355 571 354 571 353 571 352 571 351 571 350 571 349 571 348 572 347 573 347 572 347 571 346 572 345 573 345 572 345 571 344 572 343 573 343 572 343 571 342 572 341 573 341 572 341 571 340 572 339 573 339 572 339 571 338 572 337 573 337 572 337 571 336 572 335 573 335 572 335 571 334 572 333 573 333 572 333 571 332 572 331 573 331 572 331 571 330 572 329 573 329 572 329 571 328 571 327 571 326 570 326 569 326 568 326 567 326 566 326 565 326 564 326 563 326 562 326 561 326 560 326 559 326 558 326 557 326 556 326 555 326 554 326 553 326 552 326 551 326 550 326 549 326 548 326 547 326 546 326 545 326 544 326 543 326 542 326 541 326 0 "NO_VALID_ADJACENT_EDGES: polygon=28,eligible_arcs=63,connection=1840,direction_or_position_arc=3072,discontinuous_arc=1261,short_or_residual_arc=1006"
659 0 1 3 142 580.9375 326.546875 613.75 326.875 613.75 326.875 612.4375 359.359375 586 326 585 327 584 327 583 327 582 327 581 327 580 327 579 328 578 328 578 329 578 330 578 331 578 332 578 333 578 334 578 335 578 336 578 337 578 338 578 339 578 340 578 341 578 342 578 343 579 343 580 344 581 344 582 344 583 344 584 344 585 344 586 344 587 344 588 344 589 344 590 345 591 345 592 346 592 347 592 348 592 349 592 350 592 351 592 352 592 353 592 354 592 355 592 356 592 357 593 357 594 358 595 358 596 358 597 358 598 358 599 358 600 358 601 358 602 358 603 358 604 358 605 358 606 358 607 358 608 357 609 357 609 356 610 355 611 355 610 355 609 354 610 353 611 353 610 353 609 352 610 351 611 351 610 351 609 350 610 349 611 349 610 349 609 348 610 347 611 347 610 347 609 346 610 345 611 345 610 345 609 344 610 343 611 343 610 343 609 342 610 341 611 341 610 341 609 340 610 339 611 339 610 339 609 338 610 337 611 337 610 337 609 336 610 335 611 335 611 334 611 333 611 332 611 331 610 331 609 330 610 329 611 329 610 329 609 328 609 327 608 327 607 327 606 327 605 327 604 327 603 327 602 327 601 327 600 327 599 327 598 327 597 327 596 327 595 327 594 327 593 327 592 327 591 326 590 326 589 326 588 326 587 326 0 "NO_VALID_ADJACENT_EDGES: polygon=31,eligible_arcs=72,connection=1534,direction_or_position_arc=3180,discontinuous_arc=1404,short_or_residual_arc=1350"
661 0 1 3 145 563.265625 325 594.4375 325 594.4375 325 593.78125 357.8125 568 327 567 328 566 328 565 328 564 328 564 329 564 330 564 331 564 332 564 333 564 334 564 335 564 336 564 337 564 338 564 339 564 340 564 341 564 342 565 342 566 343 567 343 568 344 569 344 570 344 571 344 572 344 573 344 574 344 575 344 576 345 576 346 577 346 578 347 577 348 576 348 577 348 578 349 578 350 578 351 578 352 578 353 578 354 578 355 578 356 579 356 580 357 581 358 582 358 583 358 584 358 585 358 586 358 587 358 588 358 589 358 590 358 591 358 592 358 593 358 594 358 595 358 596 357 597 357 598 357 599 357 599 356 599 355 599 354 600 353 599 352 600 351 601 351 600 351 599 350 600 349 601 349 600 349 599 348 600 347 601 347 600 347 599 346 600 345 601 345 600 345 599 344 600 343 601 343 600 343 599 342 600 341 601 341 600 341 599 340 600 339 601 339 600 339 599 338 600 337 601 337 601 336 601 335 600 334 601 333 600 333 599 332 600 331 601 331 600 331 599 330 600 329 601 329 600 329 599 328 598 328 597 328 596 328 595 327 594 327 593 327 592 327 591 327 590 327 589 327 588 327 587 327 586 327 585 327 584 327 583 327 582 327 581 327 580 327 579 327 578 327 577 327 576 327 575 327 574 327 573 327 572 327 571 327 570 327 569 327 0 "NO_VALID_ADJACENT_EDGES: polygon=32,eligible_arcs=49,direction_or_position_arc=4747,discontinuous_arc=1454,short_or_residual_arc=1232"
678 0 3 0 351 236.59375 438.34375 235.1875 510.0625 235.1875 510.0625 303.390625 509.359375 236 439 235 440 234 440 233 440 232 440 232 441 232 442 232 443 232 444 232 445 232 446 232 447 232 448 232 449 232 450 232 451 232 452 232 453 232 454 232 455 232 456 232 457 231 458 232 459 232 460 232 461 232 462 232 463 231 464 230 464 231 464 232 465 231 466 230 466 231 466 232 467 231 468 230 468 231 468 232 469 231 470 230 470 231 470 232 471 231 472 230 472 231 472 232 473 231 474 230 474 231 474 232 475 231 476 230 476 231 476 232 477 231 478 230 478 231 478 232 479 231 480 230 480 231 480 232 481 231 482 230 482 231 482 232 483 231 484 230 484 231 484 232 485 231 486 230 486 231 486 232 487 231 488 230 488 231 488 232 489 231 490 230 490 231 491 230 492 230 493 230 494 230 495 230 496 230 497 230 498 231 498 232 499 231 500 230 500 231 500 232 501 231 502 230 502 231 502 232 503 232 504 232 505 232 506 232 507 233 507 234 507 235 508 236 508 237 508 238 508 239 508 240 508 241 508 242 508 243 508 244 508 245 508 246 508 247 508 248 508 249 508 250 508 251 508 252 508 253 508 254 508 255 508 256 508 257 508 258 508 259 508 260 508 261 508 262 508 263 508 264 508 265 508 266 508 267 508 268 508 269 508 270 508 271 508 272 508 273 508 274 508 275 508 276 508 277 508 278 508 279 508 280 507 281 507 282 507 283 507 284 507 285 507 286 507 287 507 288 507 289 507 290 507 291 507 292 507 293 507 294 507 295 507 296 507 297 507 298 507 299 507 300 507 301 507 302 506 303 505 303 504 304 503 305 503 304 503 303 502 304 501 305 501 304 501 303 500 304 499 305 499 304 499 303 498 304 497 305 497 304 497 303 496 304 495 305 495 304 495 303 494 303 493 303 492 303 491 302 491 301 491 300 491 299 490 298 490 297 490 296 490 295 490 294 490 293 490 292 490 291 490 290 490 289 490 288 490 287 490 286 490 285 490 284 490 283 490 282 490 281 490 280 490 279 490 278 490 277 490 276 490 275 490 274 490 273 490 272 490 271 490 270 490 269 490 268 490 267 490 266 490 265 490 264 490 263 490 262 490 261 490 260 490 259 490 258 490 257 490 256 490 255 490 254 490 253 489 253 488 253 487 252 487 251 486 252 485 253 485 252 485 251 484 252 483 253 483 252 483 251 482 252 481 253 481 252 481 251 480 252 479 253 479 252 479 251 478 252 477 253 477 252 477 251 476 252 475 253 475 252 475 251 474 252 473 253 473 252 473 251 472 252 471 253 471 252 471 251 470 252 469 253 469 252 469 251 468 252 467 253 467 252 467 251 466 252 465 253 465 252 465 251 464 252 463 253 463 252 463 251 462 252 461 253 461 252 461 251 460 252 459 253 459 252 459 251 458 252 457 253 457 252 457 251 456 252 455 253 455 252 455 251 454 252 453 253 453 252 453 251 452 252 451 253 451 252 451 251 450 252 449 253 449 252 449 251 448 251 447 251 446 251 445 251 444 251 443 251 442 251 441 251 440 250 440 249 439 248 439 247 439 246 439 245 439 244 439 243 439 242 439 241 439 240 439 239 439 238 439 237 439 0 "NO_VALID_ADJACENT_EDGES: polygon=89,eligible_arcs=341,connection=28546,corner_or_extension=70,direction_or_position_arc=23101,discontinuous_arc=13385,short_or_residual_arc=2575"
679 0 2 1 332 408.625 434.78125 408.625 506.5 408.625 506.5 339.71875 507.90625 396 436 395 437 394 437 393 438 392 438 392 439 392 440 392 441 392 442 392 443 392 444 392 445 392 446 392 447 392 448 392 449 392 450 392 451 392 452 392 453 392 454 392 455 392 456 392 457 392 458 392 459 392 460 392 461 392 462 392 463 392 464 392 465 392 466 392 467 392 468 392 469 392 470 392 471 392 472 392 473 392 474 392 475 392 476 392 477 392 478 392 479 392 480 392 481 392 482 392 483 392 484 392 485 391 486 390 486 391 486 392 487 391 488 390 488 389 488 388 488 387 488 386 488 385 488 384 488 383 488 382 488 381 488 380 488 379 488 378 488 377 488 376 488 375 488 374 488 373 488 372 488 371 488 370 488 369 488 368 488 367 488 366 488 365 489 364 488 363 488 362 488 361 489 360 489 359 489 358 489 357 489 356 489 355 489 354 489 353 489 352 489 351 489 350 489 349 489 348 489 347 489 346 489 345 489 344 489 343 490 342 490 341 490 340 490 340 491 340 492 340 493 340 494 340 495 340 496 340 497 340 498 340 499 340 500 340 501 340 502 340 503 340 504 341 505 342 506 343 506 344 506 345 506 346 507 347 507 348 507 349 507 350 507 351 507 352 507 353 507 354 507 355 507 356 507 357 507 358 507 359 507 360 507 361 507 362 507 363 507 364 507 365 507 366 507 367 507 368 507 369 507 370 507 371 507 372 507 373 507 374 507 375 507 376 507 377 507 378 507 379 507 380 507 381 507 382 506 383 506 384 506 385 506 386 506 387 506 388 506 389 506 390 506 391 506 392 506 393 506 394 506 395 506 396 506 397 506 398 506 399 506 400 506 401 506 402 506 403 506 404 506 405 506 406 506 407 506 408 505 409 505 410 505 411 505 411 504 411 503 411 502 412 501 413 501 412 501 411 500 412 499 413 499 412 499 411 498 412 497 413 497 412 497 411 496 412 495 413 495 412 495 411 494 412 493 413 493 412 492 413 491 412 491 411 490 412 489 413 489 412 489 411 488 412 487 413 487 412 487 411 486 412 485 413 485 412 485 411 484 412 483 413 483 412 483 411 482 412 481 413 481 412 481 411 480 412 479 413 479 412 479 411 478 412 477 413 477 412 477 411 476 412 475 413 475 412 475 411 474 412 473 413 473 412 473 411 472 412 471 413 471 412 471 411 470 412 469 413 469 412 469 411 468 412 467 413 467 412 467 411 466 412 465 413 465 412 465 411 464 412 463 413 463 412 463 411 462 412 461 413 461 412 461 411 460 412 459 413 459 412 459 411 458 412 457 413 457 412 457 411 456 412 455 413 455 412 455 411 454 412 453 413 453 412 453 411 452 412 451 413 451 412 451 411 450 412 449 413 449 412 449 411 448 412 447 413 447 412 447 411 446 412 445 413 445 412 445 411 444 412 443 413 443 412 443 411 442 411 441 411 440 411 439 411 438 410 437 409 437 408 437 407 436 406 436 405 436 404 436 403 436 402 436 401 436 400 436 399 436 398 436 397 436 0 "NO_VALID_ADJACENT_EDGES: polygon=74,eligible_arcs=680,connection=147150,direction_or_position_arc=14533,discontinuous_arc=8790,short_or_residual_arc=5409"
695 0 1 3 154 521.125 324.578125 553.9375 325.5625 553.9375 325.5625 552.296875 358.375 522 325 521 326 520 326 519 326 518 326 518 327 517 328 516 328 517 328 518 329 517 330 516 330 517 330 518 331 517 332 516 332 517 332 518 333 517 334 516 334 517 334 518 335 517 336 516 336 517 336 518 337 517 338 516 338 517 338 518 339 518 340 518 341 518 342 519 341 520 342 521 342 522 342 523 342 524 343 525 343 526 343 527 343 528 343 529 343 530 344 530 345 530 346 530 347 530 348 530 349 530 350 531 350 532 351 531 352 530 352 531 352 532 353 532 354 532 355 532 356 533 356 534 356 535 356 536 357 537 357 538 357 539 357 540 357 541 357 542 357 543 357 544 357 545 357 546 357 547 357 548 357 549 357 549 356 550 355 551 355 551 354 551 353 551 352 552 351 553 351 552 351 551 350 552 349 553 349 552 349 551 348 552 347 553 347 552 347 551 346 552 345 553 345 552 345 551 344 552 343 553 343 552 343 551 342 552 341 553 341 552 341 551 340 552 339 553 339 552 339 551 338 552 337 553 337 552 336 553 335 553 334 553 333 553 332 553 331 552 331 551 330 552 329 553 329 552 329 551 328 551 327 550 327 549 326 548 326 547 326 546 326 545 326 544 326 543 326 542 326 541 326 540 325 539 325 538 325 537 325 536 325 535 325 534 325 533 325 532 325 531 325 530 325 529 325 528 325 527 325 526 325 525 325 524 325 523 325 0 "NO_VALID_ADJACENT_EDGES: polygon=44,eligible_arcs=41,direction_or_position_arc=6934,discontinuous_arc=2781,short_or_residual_arc=1374"
704 0 1 3 148 564.671875 325.796875 597.8125 327.4375 597.8125 327.4375 595.84375 360.25 564 326 564 327 563 328 562 328 563 328 564 329 563 330 562 330 563 330 564 331 563 332 562 332 562 333 562 334 562 335 562 336 562 337 562 338 562 339 562 340 562 341 562 342 563 342 564 343 565 343 566 344 567 344 568 344 569 344 570 344 571 344 572 344 573 344 574 344 575 344 576 345 576 346 576 347 576 348 576 349 576 350 576 351 576 352 576 353 576 354 576 355 576 356 576 357 577 357 578 358 579 358 580 358 581 358 582 358 583 358 584 358 585 358 586 358 587 358 588 358 589 358 590 358 591 358 592 358 593 358 593 357 593 356 593 355 593 354 594 353 595 353 594 353 593 352 594 351 595 351 594 351 593 350 594 349 595 349 594 349 593 348 594 347 595 347 594 347 593 346 594 345 595 345 594 345 593 344 594 343 595 343 594 343 593 342 594 341 595 341 594 341 593 340 594 339 595 339 594 339 593 338 594 337 595 337 594 337 593 336 594 335 595 335 594 335 593 334 594 333 595 333 594 333 593 332 594 331 595 331 595 330 595 329 594 329 593 328 593 327 592 327 591 327 590 327 589 327 588 327 587 327 586 327 585 327 584 327 583 326 582 326 581 326 580 326 579 326 578 326 577 326 576 326 575 326 574 326 573 326 572 326 571 326 570 326 569 326 568 326 567 326 566 326 565 326 0 "NO_VALID_ADJACENT_EDGES: polygon=37,eligible_arcs=63,direction_or_position_arc=4667,discontinuous_arc=2068,short_or_residual_arc=1574"
710 0 1 3 145 554.734375 326.40625 587.875 327.0625 587.875 327.0625 587.546875 359.546875 558 324 558 325 557 326 556 326 556 327 556 328 556 329 556 330 556 331 556 332 556 333 556 334 556 335 556 336 556 337 556 338 557 339 556 340 557 340 558 341 559 341 560 342 561 342 562 342 563 342 564 342 565 342 566 342 567 342 568 342 569 342 570 343 570 344 570 345 570 346 570 347 570 348 570 349 570 350 571 350 572 351 571 352 570 352 571 352 572 353 571 354 570 354 571 354 572 355 573 355 574 356 575 356 576 356 577 356 578 356 579 356 580 356 581 356 582 356 583 356 584 355 585 355 586 355 587 355 587 354 588 353 589 353 588 353 587 352 588 351 589 351 588 351 587 350 588 349 589 349 588 349 587 348 588 347 589 347 588 347 587 346 588 345 589 345 588 345 587 344 588 343 589 343 588 343 587 342 588 341 589 341 588 341 587 340 588 339 589 339 588 339 587 338 588 337 589 337 589 336 589 335 589 334 589 333 589 332 589 331 588 331 587 330 588 329 589 329 588 329 587 328 588 327 589 327 588 327 587 326 587 325 587 324 586 324 585 324 584 324 583 324 582 324 581 324 580 324 579 324 578 324 577 324 576 324 575 324 574 324 573 324 572 324 571 324 570 324 569 324 568 324 567 324 566 324 565 324 564 324 563 324 562 324 561 324 560 324 559 324 0 "NO_VALID_ADJACENT_EDGES: polygon=36,eligible_arcs=66,connection=256,direction_or_position_arc=5118,discontinuous_arc=1849,short_or_residual_arc=1339"
716 0 2 0 318 599.21875 440.171875 597.8125 511.1875 597.8125 511.1875 526.796875 511.1875 580 442 581 442 582 443 581 444 580 444 580 445 580 446 580 447 580 448 580 449 580 450 580 451 580 452 580 453 580 454 580 455 580 456 580 457 580 458 580 459 580 460 580 461 580 462 580 463 580 464 580 465 580 466 580 467 580 468 580 469 580 470 580 471 580 472 580 473 580 474 580 475 580 476 580 477 580 478 580 479 580 480 580 481 580 482 580 483 580 484 580 485 580 486 580 487 580 488 580 489 580 490 580 491 579 492 578 492 577 493 576 493 575 493 574 493 573 493 572 493 571 493 570 493 569 493 568 493 567 493 566 493 565 493 564 493 563 493 562 493 561 493 560 493 559 493 558 493 557 493 556 493 555 493 554 493 553 493 552 493 551 493 550 493 549 493 548 493 547 493 546 493 545 493 544 493 543 493 542 493 541 493 540 493 539 493 538 493 537 493 536 493 535 493 534 493 533 494 532 494 531 494 530 494 529 494 528 494 528 495 528 496 528 497 528 498 528 499 528 500 528 501 528 502 528 503 528 504 528 505 528 506 528 507 528 508 528 509 528 510 529 510 530 511 531 511 532 511 533 511 534 511 535 511 536 511 537 511 538 511 539 511 540 511 541 511 542 511 543 511 544 511 545 511 546 511 547 511 548 511 549 511 550 511 551 511 552 511 553 511 554 511 555 511 556 511 557 511 558 511 559 511 560 511 561 511 562 511 563 511 564 511 565 511 566 511 567 511 568 511 569 511 570 511 571 511 572 511 573 511 574 511 575 511 576 511 577 511 578 511 579 511 580 511 581 511 582 511 583 511 584 511 585 511 586 511 587 511 588 511 589 511 590 511 591 511 592 511 593 511 594 511 595 511 596 511 597 511 597 510 598 509 599 509 598 509 597 508 598 507 599 507 598 507 597 506 598 505 599 505 598 505 597 504 598 503 599 503 598 503 597 502 598 501 599 501 598 501 597 500 598 499 599 499 598 499 597 498 598 497 599 497 598 496 599 495 598 495 597 494 598 493 599 493 598 492 599 491 598 491 597 490 598 489 599 489 598 488 599 487 598 487 597 486 598 485 599 485 598 484 599 483 598 483 597 482 598 481 599 481 598 480 599 479 599 478 599 477 599 476 599 475 598 475 597 474 598 473 599 473 598 472 599 471 598 471 597 470 598 469 599 469 598 468 599 467 598 467 597 466 598 465 599 465 598 464 599 463 598 463 597 462 598 461 599 461 598 460 599 459 598 459 597 458 598 457 599 457 598 456 599 455 598 455 597 454 598 453 599 453 598 453 597 452 598 451 599 451 598 451 597 450 598 449 599 449 598 449 597 448 598 447 599 447 598 447 597 446 598 445 599 445 598 445 597 444 598 443 599 443 598 443 597 442 596 442 595 442 594 442 593 442 592 442 591 442 590 442 589 442 588 442 587 442 586 442 585 442 584 442 583 442 582 442 581 442 0 "NO_VALID_ADJACENT_EDGES: polygon=60,eligible_arcs=41,connection=80,direction_or_position_arc=9425,discontinuous_arc=3047,short_or_residual_arc=5309"
720 0 1 3 144 580.46875 326.265625 613.9375 327.25 613.9375 327.25 612.953125 359.734375 580 325 579 326 578 326 578 327 578 328 578 329 578 330 578 331 578 332 578 333 578 334 578 335 578 336 578 337 578 338 578 339 578 340 578 341 578 342 579 342 580 342 581 342 582 343 583 343 584 343 585 343 586 343 587 343 588 343 589 343 590 343 591 343 592 344 592 345 592 346 592 347 592 348 592 349 592 350 592 351 592 352 592 353 592 354 592 355 592 356 593 356 594 356 595 356 596 357 597 357 598 357 599 357 600 357 601 357 602 357 603 357 604 357 605 357 606 357 607 357 608 356 609 356 610 355 611 355 610 355 609 354 610 353 611 353 610 353 609 352 610 351 611 351 610 351 609 350 610 349 611 349 610 349 609 348 610 347 611 347 610 347 609 346 610 345 611 345 610 345 609 344 610 343 611 343 610 343 609 342 610 341 611 341 610 341 609 340 610 339 611 339 611 338 611 337 611 336 611 335 610 335 609 334 610 333 611 333 611 332 611 331 610 331 609 330 610 329 611 329 610 329 609 328 610 327 611 327 610 327 609 326 608 326 607 326 606 326 605 325 604 326 603 325 602 325 601 325 600 325 599 325 598 325 597 325 596 325 595 325 594 325 593 325 592 325 591 325 590 325 589 325 588 325 587 325 586 325 585 325 584 325 583 325 582 325 581 325 0 "NO_VALID_ADJACENT_EDGES: polygon=31,eligible_arcs=37,connection=72,direction_or_position_arc=3294,discontinuous_arc=1220,short_or_residual_arc=1455"
754 0 1 3 143 621.390625 324.34375 653.875 325 653.875 325 652.890625 358.46875 624 328 624 329 623 330 622 330 622 331 622 332 622 333 622 334 622 335 622 336 622 337 622 338 622 339 622 340 622 341 622 342 622 343 622 344 622 345 623 345 624 346 625 346 626 346 627 346 628 346 629 346 630 346 631 346 632 346 633 346 634 346 635 346 636 347 636 348 636 349 636 350 636 351 636 352 636 353 636 354 636 355 636 356 636 357 636 358 636 359 637 359 638 360 639 360 640 360 641 360 642 360 643 360 644 360 645 360 646 360 647 360 648 360 649 360 650 360 651 360 652 359 653 359 653 358 653 357 653 356 654 355 655 355 654 355 653 354 654 353 655 353 654 353 653 352 654 351 655 351 654 351 653 350 654 349 655 349 654 349 653 348 654 347 655 347 654 347 653 346 654 345 655 345 654 345 653 344 654 343 655 343 654 343 653 342 654 341 655 341 654 341 653 340 654 339 655 339 654 339 653 338 654 337 655 337 654 336 655 335 654 335 653 334 654 333 655 333 654 333 653 332 654 331 655 331 654 331 653 330 652 330 651 329 650 329 649 329 648 329 647 329 646 329 645 329 644 329 643 329 642 329 641 328 640 328 639 328 638 328 637 328 636 328 635 328 634 328 633 328 632 328 631 328 630 328 629 328 628 328 627 328 626 328 625 328 0 "NO_VALID_ADJACENT_EDGES: polygon=33,eligible_arcs=56,connection=510,direction_or_position_arc=3686,discontinuous_arc=1468,short_or_residual_arc=1270"
763 0 2 0 322 576.671875 443.546875 574.5625 514.5625 574.5625 514.5625 505.65625 513.15625 562 444 562 445 561 446 560 446 560 447 560 448 560 449 560 450 560 451 560 452 560 453 560 454 560 455 560 456 560 457 560 458 560 459 560 460 560 461 560 462 560 463 560 464 560 465 560 466 560 467 560 468 560 469 560 470 560 471 560 472 560 473 560 474 560 475 560 476 560 477 560 478 560 479 560 480 560 481 559 482 558 482 559 482 560 483 559 484 558 484 559 484 560 485 559 486 558 486 559 486 560 487 559 488 558 488 559 488 560 489 559 490 558 490 558 491 558 492 558 493 558 494 558 495 557 496 556 496 555 496 554 496 553 496 552 496 551 495 550 495 549 496 548 496 547 495 546 495 545 495 544 495 543 495 542 495 541 495 540 495 539 495 538 495 537 495 536 495 535 495 534 495 533 495 532 495 531 495 530 495 529 495 528 495 527 495 526 495 525 495 524 495 523 495 522 495 521 495 520 495 519 495 518 495 517 495 516 495 515 495 514 495 513 495 512 495 511 495 510 495 509 496 508 496 508 497 507 498 506 498 507 499 506 500 506 501 506 502 506 503 506 504 506 505 506 506 507 507 506 508 507 508 508 509 507 510 506 510 507 510 508 511 508 512 509 512 510 512 511 512 512 512 513 512 514 513 515 513 516 513 517 513 518 513 519 513 520 513 521 513 522 513 523 513 524 513 525 513 526 513 527 513 528 513 529 513 530 513 531 513 532 513 533 513 534 513 535 513 536 513 537 513 538 513 539 513 540 513 541 513 542 513 543 513 544 513 545 513 546 513 547 513 548 513 549 513 550 513 551 513 552 514 553 514 554 514 555 514 556 514 557 514 558 514 559 514 560 514 561 514 562 514 563 514 564 514 565 514 566 514 567 514 568 514 569 514 570 514 571 514 572 514 573 514 574 514 575 514 576 513 577 513 577 512 578 511 579 511 579 510 579 509 579 508 579 507 579 506 579 505 579 504 580 503 581 503 580 503 579 502 580 501 581 501 580 501 579 500 580 499 581 499 580 499 579 498 580 497 581 497 580 497 579 496 580 495 581 495 580 495 579 494 580 493 581 493 580 493 579 492 580 491 581 491 580 491 579 490 580 489 581 489 580 489 579 488 580 487 581 487 580 487 579 486 580 485 581 485 580 485 579 484 580 483 581 483 580 483 579 482 580 481 581 481 580 481 579 480 580 479 581 479 580 479 579 478 580 477 581 477 580 477 579 476 580 475 581 475 580 475 579 474 580 473 581 473 581 472 581 471 581 470 581 469 580 469 579 468 580 467 581 467 581 466 581 465 581 464 581 463 581 462 581 461 581 460 581 459 581 458 581 457 581 456 581 455 581 454 581 453 581 452 581 451 581 450 581 449 580 449 579 448 580 447 581 447 580 447 579 446 579 445 578 445 577 445 576 445 575 444 574 444 573 444 572 444 571 444 570 444 569 444 568 444 567 444 566 444 565 444 564 444 563 445 0 "NO_VALID_ADJACENT_EDGES: polygon=61,eligible_arcs=531,connection=81759,corner_or_extension=1081,direction_or_position_arc=13343,discontinuous_arc=5488,short_or_residual_arc=2988"
784 0 1 3 139 312.484375 319.84375 344.3125 320.5 344.3125 320.5 343.65625 353.96875 318 322 318 323 317 324 316 324 317 324 318 325 317 326 316 326 317 326 318 327 317 328 316 328 316 329 316 330 316 331 316 332 316 333 316 334 317 335 316 336 317 336 318 337 318 338 319 338 320 339 321 339 322 339 323 339 324 339 325 339 326 339 327 339 328 340 329 340 330 341 330 342 330 343 330 344 330 345 330 346 330 347 330 348 331 349 330 350 331 350 332 351 332 352 333 352 334 353 335 353 336 353 337 353 338 353 339 353 340 353 341 353 342 353 343 353 344 353 345 353 346 353 347 353 348 353 349 353 349 352 350 351 351 351 351 350 351 349 351 348 351 347 351 346 351 345 351 344 351 343 351 342 351 341 351 340 351 339 351 338 352 337 353 337 352 337 351 336 352 335 353 335 352 335 351 334 352 333 353 333 352 333 351 332 352 331 353 331 352 331 351 330 352 329 353 329 352 329 351 328 352 327 353 327 352 327 351 326 351 325 351 324 351 323 350 323 349 322 348 322 347 322 346 322 345 322 344 322 343 322 342 322 341 322 340 322 339 322 338 322 337 322 336 322 335 322 334 322 333 322 332 322 331 322 330 322 329 322 328 322 327 322 326 322 325 322 324 322 323 322 322 322 321 322 320 322 319 322 0 "NO_VALID_ADJACENT_EDGES: polygon=28,eligible_arcs=65,direction_or_position_arc=3484,discontinuous_arc=993,short_or_residual_arc=570"
984 0 2 0 324 336.15625 438.34375 334.75 510.0625 334.75 510.0625 265.84375 509.359375 322 440 322 441 321 442 320 442 320 443 320 444 320 445 320 446 320 447 320 448 320 449 320 450 320 451 320 452 320 453 320 454 320 455 320 456 320 457 320 458 320 459 320 460 320 461 320 462 320 463 319 464 318 464 319 464 320 465 319 466 318 466 319 466 320 467 319 468 318 468 319 468 320 469 319 470 318 470 319 470 320 471 320 472 320 473 320 474 320 475 320 476 320 477 319 478 318 478 319 478 320 479 319 480 318 480 319 480 320 481 319 482 318 482 319 482 320 483 319 484 318 484 318 485 318 486 318 487 318 488 318 489 317 490 316 490 315 491 314 491 313 491 312 491 311 491 310 491 309 491 308 491 307 491 306 491 305 491 304 491 303 491 302 491 301 491 300 491 299 491 298 491 297 491 296 491 295 491 294 491 293 491 292 491 291 491 290 491 289 491 288 491 287 491 286 491 285 491 284 491 283 491 282 491 281 491 280 491 279 491 278 491 277 490 276 490 275 491 274 491 273 491 272 491 271 491 270 491 269 492 268 492 267 492 266 492 266 493 266 494 266 495 266 496 266 497 266 498 266 499 266 500 266 501 266 502 266 503 266 504 266 505 266 506 267 506 268 507 268 508 269 508 270 508 271 508 272 508 273 508 274 508 275 508 276 509 277 509 278 509 279 509 280 509 281 509 282 509 283 509 284 509 285 509 286 509 287 509 288 509 289 509 290 509 291 509 292 509 293 509 294 509 295 509 296 509 297 509 298 509 299 509 300 509 301 509 302 509 303 509 304 509 305 509 306 509 307 509 308 509 309 509 310 509 311 509 312 509 313 509 314 509 315 509 316 509 317 509 318 509 319 509 320 509 321 509 322 509 323 509 324 509 325 509 326 509 327 509 328 509 329 509 330 509 331 509 332 509 333 509 334 509 335 509 336 509 337 509 337 508 338 507 339 507 339 506 339 505 339 504 339 503 339 502 339 501 339 500 340 499 341 499 340 499 339 498 340 497 341 497 340 497 339 496 340 495 341 495 340 495 339 494 340 493 341 493 340 493 339 492 340 491 341 491 340 491 339 490 340 489 341 489 340 489 339 488 340 487 341 487 340 487 339 486 340 485 341 485 340 485 339 484 340 483 341 483 340 483 339 482 340 481 341 481 340 481 339 480 340 479 341 479 340 479 339 478 340 477 341 477 340 477 339 476 340 475 341 475 340 475 339 474 340 473 341 473 340 473 339 472 340 471 341 471 340 471 339 470 340 469 341 469 340 469 339 468 340 467 341 467 341 466 341 465 341 464 341 463 341 462 341 461 341 460 341 459 341 458 341 457 341 456 341 455 341 454 341 453 341 452 341 451 341 450 341 449 341 448 341 447 341 446 341 445 341 444 341 443 340 443 339 442 339 441 339 440 338 440 337 440 336 440 335 440 334 440 333 440 332 440 331 440 330 440 329 440 328 440 327 440 326 440 325 440 324 440 323 440 0 "NO_VALID_ADJACENT_EDGES: polygon=64,eligible_arcs=600,connection=97836,corner_or_extension=1362,direction_or_position_arc=15579,discontinuous_arc=6512,short_or_residual_arc=2431"
1029 0 2 0 353 844.46875 449.546875 843.0625 520.5625 843.0625 520.5625 774.859375 519.15625 830 450 830 451 829 452 828 452 828 453 828 454 828 455 828 456 828 457 828 458 828 459 828 460 828 461 828 462 828 463 828 464 828 465 828 466 828 467 827 468 826 468 827 468 828 469 827 470 826 470 827 470 828 471 827 472 826 472 827 472 828 473 827 474 826 474 827 474 828 475 827 476 826 476 827 476 828 477 827 478 826 478 827 478 828 479 827 480 826 480 827 480 828 481 828 482 828 483 828 484 828 485 828 486 828 487 827 488 826 488 827 488 828 489 827 490 826 490 827 490 828 491 827 492 826 492 827 492 828 493 827 494 826 494 826 495 826 496 826 497 826 498 826 499 825 500 824 500 823 501 822 501 821 501 820 501 819 501 818 501 817 501 816 501 815 501 814 501 813 501 812 501 811 501 810 501 809 501 808 501 807 500 806 500 805 500 804 500 803 500 802 500 801 500 800 500 799 500 798 500 797 500 796 500 795 500 794 500 793 500 792 500 791 500 790 500 789 500 788 500 787 500 786 500 785 500 784 500 783 500 782 500 781 500 780 500 779 500 778 500 778 501 777 502 776 502 776 503 775 504 776 505 775 506 774 506 775 506 776 507 775 508 774 508 775 508 776 509 775 510 774 510 775 510 776 511 776 512 776 513 776 514 776 515 776 516 777 516 778 517 779 517 780 518 781 518 782 518 783 518 784 518 785 518 786 518 787 518 788 518 789 518 790 518 791 518 792 518 793 518 794 518 795 518 796 518 797 518 798 518 799 518 800 518 801 519 802 519 803 519 804 519 805 519 806 519 807 519 808 519 809 519 810 519 811 519 812 519 813 519 814 519 815 519 816 519 817 519 818 519 819 519 820 519 821 519 822 519 823 519 824 519 825 519 826 519 827 519 828 519 829 519 830 519 831 519 832 519 833 519 834 519 835 519 836 519 837 519 838 519 839 519 840 519 841 519 842 519 843 519 844 519 845 519 845 518 846 517 847 517 847 516 847 515 847 514 847 513 847 512 847 511 847 510 848 509 849 509 848 509 847 508 848 507 849 507 848 507 847 506 848 505 849 505 848 505 847 504 848 503 849 503 848 503 847 502 848 501 849 501 848 501 847 500 848 499 849 499 848 499 847 498 848 497 849 497 848 497 847 496 848 495 849 495 848 495 847 494 848 493 849 493 848 493 847 492 848 491 849 491 848 491 847 490 848 489 849 489 848 489 847 488 848 487 849 487 848 487 847 486 848 485 849 485 848 485 847 484 848 483 849 483 848 483 847 482 848 481 849 481 848 481 847 480 848 479 849 479 848 479 847 478 848 477 849 477 848 477 847 476 848 475 849 475 848 475 847 474 848 473 849 473 848 473 847 472 848 471 849 471 848 471 847 470 848 469 849 469 848 469 847 468 848 467 849 467 848 467 847 466 848 465 849 465 848 465 847 464 848 463 849 463 848 463 847 462 848 461 849 461 848 461 847 460 848 459 849 459 848 459 847 458 848 457 849 457 848 457 847 456 848 455 849 455 848 455 847 454 848 453 847 452 847 451 846 451 845 450 844 450 843 450 842 450 841 450 840 450 839 450 838 450 837 450 836 450 835 450 834 450 833 450 832 450 831 450 0 "NO_VALID_ADJACENT_EDGES: polygon=97,eligible_arcs=921,connection=132140,corner_or_extension=2420,direction_or_position_arc=26386,discontinuous_arc=15789,short_or_residual_arc=4646"
1039 0 2 0 303 953.78125 453.25 952.375 523.5625 952.375 523.5625 884.875 521.453125 944 452 943 453 942 453 941 453 940 453 939 454 938 454 939 454 940 455 939 456 938 456 938 457 938 458 938 459 938 460 938 461 938 462 938 463 938 464 938 465 938 466 938 467 938 468 938 469 938 470 938 471 938 472 938 473 938 474 938 475 938 476 938 477 938 478 938 479 938 480 938 481 938 482 938 483 938 484 938 485 938 486 938 487 938 488 938 489 938 490 938 491 938 492 938 493 938 494 938 495 938 496 938 497 937 498 936 498 937 498 938 499 937 500 936 500 937 500 938 501 937 502 936 502 935 503 934 503 933 503 932 503 931 503 930 503 929 503 928 503 927 503 926 503 925 503 924 503 923 503 922 503 921 503 920 503 919 503 918 503 917 503 916 503 915 503 914 503 913 503 912 503 911 503 910 503 909 503 908 503 907 503 906 503 905 503 904 503 903 503 902 503 901 503 900 503 899 503 898 503 897 503 896 503 895 503 894 503 893 503 892 503 891 503 890 503 889 504 888 504 887 504 886 504 887 505 886 506 886 507 886 508 886 509 886 510 886 511 886 512 886 513 886 514 886 515 886 516 886 517 886 518 887 518 888 519 888 520 889 520 890 520 891 520 892 520 893 520 894 520 895 520 896 520 897 521 898 521 899 521 900 521 901 521 902 521 903 521 904 521 905 521 906 521 907 521 908 521 909 521 910 521 911 521 912 521 913 521 914 521 915 521 916 521 917 521 918 521 919 521 920 521 921 521 922 521 923 521 924 521 925 521 926 521 927 521 928 521 929 521 930 521 931 521 932 521 933 521 934 521 935 521 936 521 937 521 938 521 939 521 940 521 941 522 942 521 943 521 944 522 945 522 946 522 947 522 948 522 949 521 950 521 951 521 952 521 953 521 954 521 955 521 956 521 957 521 957 520 957 519 957 518 957 517 957 516 958 515 959 515 958 515 957 514 958 513 959 513 958 513 957 512 958 511 959 511 958 511 957 510 958 509 959 509 958 509 957 508 958 507 959 507 958 507 957 506 958 505 959 505 958 504 959 503 958 503 957 502 958 501 959 501 958 500 959 499 958 499 957 498 958 497 959 497 958 496 959 495 958 495 957 494 958 493 959 493 958 493 957 492 958 491 959 491 959 490 959 489 958 488 959 487 959 486 959 485 958 484 959 483 958 482 959 481 958 480 959 479 959 478 959 477 958 476 959 475 959 474 959 473 958 472 959 471 959 470 959 469 958 468 959 467 959 466 959 465 958 464 959 463 958 463 957 462 958 461 959 461 958 461 957 460 958 459 959 459 958 459 957 458 958 457 959 457 958 457 957 456 957 455 957 454 956 454 955 453 954 453 953 453 952 453 951 453 950 453 949 452 948 452 947 452 946 452 945 452 0 "NO_VALID_ADJACENT_EDGES: polygon=47,eligible_arcs=280,connection=38318,direction_or_position_arc=7814,discontinuous_arc=2456,short_or_residual_arc=2332"
1041 0 2 0 305 977.5 453.953125 974.6875 523.5625 974.6875 523.5625 906.484375 520.75 964 453 963 454 962 454 961 454 962 455 961 456 960 456 960 457 960 458 960 459 960 460 960 461 960 462 960 463 960 464 960 465 960 466 960 467 960 468 960 469 960 470 960 471 960 472 960 473 960 474 960 475 960 476 960 477 960 478 960 479 960 480 960 481 960 482 960 483 960 484 960 485 960 486 960 487 960 488 960 489 960 490 960 491 960 492 960 493 960 494 960 495 960 496 960 497 960 498 960 499 960 500 960 501 959 502 958 502 958 503 957 504 956 504 955 504 954 504 953 504 952 504 951 504 950 504 949 504 948 504 947 504 946 504 945 504 944 504 943 504 942 504 941 504 940 504 939 504 938 504 937 504 936 504 935 504 934 504 933 504 932 504 931 504 930 504 929 504 928 504 927 504 926 504 925 504 924 503 923 503 922 503 921 503 920 503 919 503 918 503 917 503 916 503 915 504 914 504 913 504 912 504 911 504 910 504 910 505 909 506 908 506 908 507 908 508 908 509 908 510 908 511 908 512 908 513 908 514 908 515 908 516 909 516 910 517 909 518 908 518 909 518 910 519 910 520 911 520 912 521 913 521 914 521 915 521 916 521 917 521 918 521 919 521 920 521 921 521 922 521 923 521 924 521 925 521 926 521 927 521 928 521 929 521 930 521 931 521 932 521 933 521 934 521 935 521 936 521 937 521 938 521 939 521 940 521 941 521 942 522 943 522 944 522 945 522 946 522 947 522 948 522 949 522 950 522 951 522 952 522 953 522 954 522 955 522 956 522 957 522 958 522 959 522 960 522 961 522 962 522 963 522 964 522 965 522 966 522 967 522 968 522 969 522 970 522 971 522 972 522 973 522 974 522 975 522 976 521 977 521 978 521 979 521 979 520 979 519 979 518 979 517 979 516 980 515 981 515 980 515 979 514 980 513 981 513 980 513 979 512 980 511 981 511 980 511 979 510 980 509 981 509 980 509 979 508 980 507 981 507 980 507 979 506 980 505 981 505 981 504 981 503 980 503 979 502 980 501 981 501 981 500 981 499 980 499 979 498 980 497 981 497 980 497 979 496 980 495 981 495 980 495 979 494 980 493 981 493 980 493 979 492 980 491 981 491 980 491 979 490 980 489 981 489 980 489 979 488 980 487 981 487 981 486 981 485 981 484 981 483 980 482 981 481 981 480 981 479 980 478 981 477 981 476 981 475 980 474 981 473 981 472 981 471 980 470 981 469 981 468 981 467 981 466 981 465 981 464 981 463 980 463 979 462 980 461 981 461 980 461 979 460 980 459 981 459 980 459 979 458 980 457 981 457 980 457 979 456 979 455 979 454 978 454 977 454 976 454 975 454 974 454 973 453 972 453 971 453 970 453 969 453 968 453 967 453 966 453 965 454 0 "NO_VALID_ADJACENT_EDGES: polygon=48,eligible_arcs=247,connection=23892,direction_or_position_arc=8460,discontinuous_arc=3003,short_or_residual_arc=2570"
1043 0 2 0 327 1000.1875 454.46875 997.375 523.375 997.375 523.375 928.46875 520.5625 984 454 984 455 983 456 982 456 982 457 982 458 982 459 982 460 982 461 982 462 982 463 982 464 982 465 982 466 982 467 982 468 982 469 982 470 982 471 982 472 982 473 982 474 982 475 982 476 982 477 982 478 982 479 982 480 982 481 982 482 982 483 982 484 982 485 982 486 982 487 982 488 982 489 982 490 982 491 982 492 982 493 982 494 982 495 982 496 982 497 982 498 982 499 981 500 980 500 981 500 982 501 981 502 980 502 980 503 979 504 978 504 977 504 976 504 975 504 974 504 973 504 972 504 971 504 970 504 969 504 968 504 967 504 966 504 965 504 964 504 963 504 962 504 961 504 960 504 959 504 958 504 957 504 956 504 955 504 954 504 953 504 952 504 951 504 950 504 949 504 948 504 947 504 946 504 945 504 944 504 943 504 942 504 941 504 940 504 939 504 938 504 937 504 936 504 935 504 934 504 933 504 932 504 932 505 931 506 930 506 930 507 930 508 930 509 930 510 930 511 930 512 930 513 930 514 930 515 930 516 930 517 930 518 931 518 932 519 932 520 933 520 934 521 935 521 936 521 937 521 938 521 939 521 940 521 941 521 942 521 943 521 944 521 945 521 946 521 947 521 948 521 949 522 950 522 951 522 952 522 953 522 954 522 955 522 956 522 957 522 958 522 959 522 960 522 961 522 962 522 963 522 964 522 965 522 966 522 967 522 968 522 969 522 970 522 971 522 972 522 973 522 974 522 975 522 976 522 977 522 978 522 979 522 980 522 981 522 982 522 983 522 984 522 985 522 986 523 987 523 988 523 989 523 990 523 991 523 992 523 993 523 994 522 995 522 996 522 997 522 998 522 999 522 1000 521 1001 521 1001 520 1001 519 1001 518 1001 517 1001 516 1002 515 1001 514 1002 513 1003 513 1002 513 1001 512 1002 511 1003 511 1002 511 1001 510 1002 509 1003 509 1002 509 1001 508 1002 507 1003 507 1002 507 1001 506 1002 505 1003 505 1002 505 1001 504 1002 503 1003 503 1002 503 1001 502 1002 501 1003 501 1002 501 1001 500 1002 499 1003 499 1002 499 1001 498 1002 497 1003 497 1002 497 1001 496 1002 495 1003 495 1002 495 1001 494 1002 493 1003 493 1002 493 1001 492 1002 491 1003 491 1002 491 1001 490 1002 489 1003 489 1002 489 1001 488 1002 487 1003 487 1002 487 1001 486 1002 485 1003 485 1002 485 1001 484 1002 483 1003 483 1002 483 1001 482 1002 481 1003 481 1002 481 1001 480 1002 479 1003 479 1002 479 1001 478 1002 477 1003 477 1002 477 1001 476 1002 475 1003 475 1002 475 1001 474 1002 473 1003 473 1002 473 1001 472 1002 471 1003 471 1002 471 1001 470 1002 469 1003 469 1002 469 1001 468 1002 467 1003 467 1002 467 1001 466 1002 465 1003 465 1002 465 1001 464 1002 463 1003 463 1002 463 1001 462 1002 461 1003 461 1002 461 1001 460 1002 459 1003 459 1002 459 1001 458 1002 457 1001 456 1001 455 1000 455 999 454 998 454 997 454 996 454 995 454 994 454 993 454 992 454 991 454 990 454 989 454 988 454 987 454 986 454 985 454 0 "NO_VALID_ADJACENT_EDGES: polygon=70,eligible_arcs=905,connection=106336,corner_or_extension=1312,direction_or_position_arc=12715,discontinuous_arc=8209,short_or_residual_arc=4253"
1047 0 1 3 140 1011.578125 333.671875 1042.75 334 1042.75 334 1042.421875 367.140625 1014 338 1014 339 1013 340 1012 340 1012 341 1012 342 1012 343 1012 344 1012 345 1012 346 1012 347 1012 348 1012 349 1012 350 1012 351 1012 352 1013 352 1014 353 1014 354 1015 355 1016 355 1017 355 1018 355 1019 355 1020 355 1021 355 1022 355 1023 355 1024 356 1025 356 1026 357 1026 358 1026 359 1026 360 1026 361 1026 362 1026 363 1026 364 1026 365 1026 366 1027 367 1028 368 1028 369 1029 369 1030 369 1031 369 1032 369 1033 369 1034 369 1035 369 1036 369 1037 369 1038 369 1039 369 1040 369 1041 369 1042 369 1043 369 1044 369 1045 369 1045 368 1045 367 1045 366 1046 365 1047 365 1046 365 1045 364 1046 363 1047 363 1046 363 1045 362 1046 361 1047 361 1046 361 1045 360 1046 359 1047 359 1046 359 1045 358 1046 357 1047 357 1046 356 1047 355 1046 354 1047 353 1046 352 1047 351 1046 351 1045 350 1046 349 1047 349 1046 349 1045 348 1046 347 1047 347 1046 347 1045 346 1046 345 1047 345 1046 345 1045 344 1046 343 1047 343 1046 343 1045 342 1046 341 1047 341 1046 341 1045 340 1045 339 1044 340 1043 339 1042 339 1041 338 1040 338 1039 338 1038 338 1037 338 1036 338 1035 338 1034 338 1033 338 1032 338 1031 338 1030 338 1029 338 1028 338 1027 338 1026 338 1025 338 1024 338 1023 338 1022 338 1021 338 1020 338 1019 338 1018 338 1017 338 1016 338 1015 338 0 "NO_VALID_ADJACENT_EDGES: polygon=33,eligible_arcs=87,direction_or_position_arc=4917,discontinuous_arc=1396,short_or_residual_arc=1256"
1059 0 1 3 144 1141.890625 338.359375 1173.0625 338.6875 1173.0625 338.6875 1173.0625 371.5 1148 341 1147 342 1146 342 1145 342 1144 342 1144 343 1143 344 1142 344 1143 344 1144 345 1143 346 1142 346 1143 346 1144 347 1143 348 1142 348 1143 348 1144 349 1143 350 1142 350 1143 350 1144 351 1143 352 1142 352 1143 352 1144 353 1143 354 1142 354 1143 354 1144 355 1144 356 1144 357 1145 357 1146 358 1147 358 1148 359 1149 358 1150 359 1151 359 1152 359 1153 359 1154 359 1155 359 1156 360 1156 361 1156 362 1156 363 1156 364 1156 365 1156 366 1156 367 1156 368 1157 368 1158 369 1157 370 1158 371 1158 372 1159 372 1160 372 1161 372 1162 372 1163 373 1164 373 1165 373 1166 373 1167 373 1168 373 1169 373 1170 373 1171 373 1172 372 1173 372 1174 371 1175 371 1175 370 1176 369 1177 369 1176 369 1175 368 1176 367 1177 367 1176 367 1175 366 1176 365 1177 365 1176 365 1175 364 1176 363 1177 363 1176 363 1175 362 1176 361 1177 361 1177 360 1177 359 1177 358 1177 357 1177 356 1177 355 1177 354 1177 353 1177 352 1177 351 1176 351 1175 350 1176 349 1177 349 1176 349 1175 348 1176 347 1177 347 1176 347 1175 346 1176 345 1177 345 1176 345 1175 344 1175 343 1174 343 1173 342 1172 342 1171 342 1170 342 1169 342 1168 342 1167 342 1166 342 1165 342 1164 342 1163 342 1162 342 1161 342 1160 342 1159 341 1158 341 1157 341 1156 341 1155 341 1154 341 1153 341 1152 341 1151 341 1150 341 1149 341 0 "NO_VALID_ADJACENT_EDGES: polygon=38,eligible_arcs=25,direction_or_position_arc=5477,discontinuous_arc=1927,short_or_residual_arc=943"
1062 0 2 0 334 1205.78125 458.265625 1204.375 527.875 1204.375 527.875 1136.875 525.765625 1190 458 1190 459 1190 460 1190 461 1189 462 1188 462 1189 462 1190 463 1189 464 1188 464 1189 464 1190 465 1189 466 1188 466 1189 466 1190 467 1189 468 1188 468 1188 469 1188 470 1188 471 1188 472 1188 473 1188 474 1188 475 1188 476 1188 477 1188 478 1188 479 1188 480 1188 481 1188 482 1188 483 1188 484 1188 485 1188 486 1188 487 1188 488 1189 488 1190 489 1189 490 1188 490 1189 490 1190 491 1189 492 1188 492 1189 492 1190 493 1189 494 1188 494 1189 495 1188 496 1188 497 1188 498 1188 499 1188 500 1188 501 1188 502 1188 503 1188 504 1188 505 1188 506 1188 507 1187 508 1186 508 1185 508 1184 508 1183 508 1182 508 1181 508 1180 508 1179 508 1178 508 1177 508 1176 508 1175 508 1174 508 1173 508 1172 508 1171 508 1170 508 1169 508 1168 508 1167 508 1166 508 1165 508 1164 508 1163 508 1162 508 1161 508 1160 508 1159 508 1158 508 1157 508 1156 508 1155 508 1154 508 1153 508 1152 508 1151 508 1150 508 1149 508 1148 508 1147 508 1146 508 1145 508 1144 508 1143 508 1142 508 1141 508 1140 508 1140 509 1139 510 1138 510 1138 511 1138 512 1138 513 1138 514 1138 515 1138 516 1138 517 1138 518 1138 519 1138 520 1138 521 1138 522 1139 522 1140 523 1140 524 1141 524 1142 525 1143 525 1144 525 1145 525 1146 525 1147 525 1148 525 1149 525 1150 525 1151 525 1152 525 1153 525 1154 525 1155 525 1156 525 1157 525 1158 525 1159 525 1160 525 1161 525 1162 525 1163 525 1164 525 1165 526 1166 526 1167 526 1168 526 1169 526 1170 526 1171 526 1172 526 1173 526 1174 526 1175 526 1176 526 1177 526 1178 526 1179 526 1180 526 1181 526 1182 526 1183 526 1184 526 1185 526 1186 526 1187 526 1188 526 1189 526 1190 526 1191 526 1192 526 1193 526 1194 526 1195 526 1196 526 1197 526 1198 526 1199 526 1200 526 1201 526 1202 526 1203 526 1204 525 1205 525 1206 525 1207 525 1207 524 1207 523 1207 522 1208 521 1209 521 1208 521 1207 520 1208 519 1209 519 1208 519 1207 518 1208 517 1209 517 1208 517 1207 516 1208 515 1209 515 1208 515 1207 514 1208 513 1209 513 1208 513 1207 512 1208 511 1209 511 1208 511 1207 510 1208 509 1209 509 1209 508 1209 507 1208 507 1207 506 1208 505 1209 505 1208 505 1207 504 1208 503 1209 503 1208 503 1207 502 1208 501 1209 501 1208 501 1207 500 1208 499 1209 499 1208 499 1207 498 1208 497 1209 497 1208 497 1207 496 1208 495 1209 495 1208 495 1207 494 1208 493 1209 493 1208 493 1207 492 1208 491 1209 491 1208 491 1207 490 1208 489 1209 489 1208 489 1207 488 1208 487 1209 487 1208 487 1207 486 1208 485 1209 485 1208 485 1207 484 1208 483 1209 483 1208 483 1207 482 1208 481 1209 481 1208 481 1207 480 1208 479 1209 479 1208 479 1207 478 1208 477 1209 477 1208 477 1207 476 1208 475 1209 475 1208 475 1207 474 1208 473 1209 473 1208 473 1207 472 1208 471 1209 471 1208 471 1207 470 1208 469 1209 469 1208 469 1207 468 1208 467 1209 467 1208 467 1207 466 1208 465 1209 465 1208 465 1207 464 1207 463 1207 462 1207 461 1207 460 1207 459 1206 459 1205 458 1204 458 1203 458 1202 458 1201 458 1200 458 1199 458 1198 458 1197 458 1196 458 1195 458 1194 458 1193 458 1192 458 1191 458 0 "NO_VALID_ADJACENT_EDGES: polygon=82,eligible_arcs=427,connection=45260,direction_or_position_arc=18255,discontinuous_arc=10436,short_or_residual_arc=4922"
1098 0 2 0 312 1199.78125 458.96875 1198.375 527.875 1198.375 527.875 1130.875 525.0625 1184 458 1184 459 1183 460 1182 460 1183 460 1184 461 1183 462 1182 462 1182 463 1182 464 1182 465 1182 466 1182 467 1182 468 1182 469 1182 470 1182 471 1182 472 1182 473 1182 474 1182 475 1182 476 1182 477 1182 478 1182 479 1182 480 1182 481 1182 482 1182 483 1182 484 1182 485 1182 486 1182 487 1182 488 1182 489 1182 490 1182 491 1182 492 1183 492 1184 493 1183 494 1182 494 1182 495 1182 496 1182 497 1182 498 1182 499 1182 500 1182 501 1182 502 1182 503 1182 504 1182 505 1182 506 1182 507 1181 508 1180 508 1179 508 1178 508 1177 508 1176 508 1175 508 1174 508 1173 508 1172 508 1171 508 1170 508 1169 508 1168 508 1167 508 1166 508 1165 508 1164 508 1163 508 1162 508 1161 508 1160 508 1159 508 1158 508 1157 508 1156 508 1155 508 1154 508 1153 508 1152 508 1151 508 1150 508 1149 508 1148 508 1147 508 1146 508 1145 508 1144 508 1143 508 1142 508 1141 508 1140 508 1139 508 1138 508 1137 508 1136 508 1135 508 1134 508 1134 509 1133 510 1132 509 1132 510 1132 511 1132 512 1132 513 1132 514 1132 515 1132 516 1132 517 1132 518 1132 519 1132 520 1132 521 1132 522 1132 523 1133 523 1134 524 1135 524 1136 525 1137 525 1138 525 1139 525 1140 525 1141 525 1142 525 1143 525 1144 525 1145 525 1146 525 1147 525 1148 525 1149 525 1150 525 1151 525 1152 525 1153 525 1154 525 1155 525 1156 525 1157 525 1158 525 1159 525 1160 525 1161 526 1162 526 1163 526 1164 526 1165 526 1166 526 1167 526 1168 526 1169 526 1170 526 1171 526 1172 526 1173 526 1174 526 1175 526 1176 526 1177 526 1178 526 1179 526 1180 526 1181 526 1182 526 1183 526 1184 526 1185 526 1186 526 1187 526 1188 526 1189 526 1190 526 1191 526 1192 526 1193 526 1194 526 1195 526 1196 526 1197 526 1198 525 1199 525 1200 525 1201 525 1200 525 1199 524 1200 523 1201 523 1201 522 1201 521 1201 520 1201 519 1201 518 1201 517 1201 516 1202 515 1203 515 1202 515 1201 514 1202 513 1203 513 1202 513 1201 512 1202 511 1203 511 1202 511 1201 510 1202 509 1203 509 1202 509 1201 508 1202 507 1203 507 1202 507 1201 506 1202 505 1203 505 1202 505 1201 504 1202 503 1203 503 1202 503 1201 502 1202 501 1203 501 1202 501 1201 500 1202 499 1203 499 1202 499 1201 498 1202 497 1203 497 1202 497 1201 496 1202 495 1203 495 1202 495 1201 494 1202 493 1203 493 1202 493 1201 492 1202 491 1203 491 1202 491 1201 490 1202 489 1203 489 1202 489 1201 488 1202 487 1203 487 1202 487 1201 486 1202 485 1203 485 1202 485 1201 484 1202 483 1203 483 1202 483 1201 482 1202 481 1203 481 1202 481 1201 480 1202 479 1203 479 1202 479 1201 478 1202 477 1203 477 1202 477 1201 476 1201 475 1201 474 1201 473 1201 472 1201 471 1201 470 1201 469 1201 468 1201 467 1201 466 1201 465 1201 464 1201 463 1201 462 1201 461 1201 460 1200 459 1199 458 1198 458 1197 458 1196 458 1195 458 1194 458 1193 458 1192 458 1191 458 1190 458 1189 458 1188 458 1187 458 1186 458 1185 458 0 "NO_VALID_ADJACENT_EDGES: polygon=60,eligible_arcs=426,connection=66576,corner_or_extension=400,direction_or_position_arc=12013,discontinuous_arc=5794,short_or_residual_arc=2937"
1108 0 0 5 358 912.625 404.640625 912.625 333.625 912.625 333.625 978.71875 334.328125 908 336 908 337 908 338 908 339 908 340 908 341 908 342 908 343 908 344 908 345 907 346 906 346 907 346 908 347 907 348 906 348 907 348 908 349 908 350 908 351 907 352 906 352 907 352 908 353 907 354 906 354 907 354 908 355 907 356 906 356 907 356 908 357 907 358 906 358 907 358 908 359 907 360 906 360 907 360 908 361 907 362 906 362 907 362 908 363 907 364 906 364 907 364 908 365 907 366 906 366 907 366 908 367 907 368 906 368 907 368 908 369 907 370 906 370 907 370 908 371 907 372 906 372 907 372 908 373 907 374 906 374 907 374 908 375 907 376 906 376 907 376 908 377 907 378 906 378 907 378 908 379 907 380 906 380 907 380 908 381 907 382 906 382 907 382 908 383 907 384 906 384 907 384 908 385 907 386 906 386 907 386 908 387 907 388 906 388 907 388 908 389 907 390 906 390 907 390 908 391 907 392 906 392 907 392 908 393 907 394 906 394 907 394 908 395 907 396 906 396 907 396 908 397 907 398 906 398 907 398 908 399 908 400 908 401 908 402 908 403 909 403 910 404 911 404 912 404 913 404 914 404 915 404 916 404 917 404 918 404 919 404 920 404 921 404 922 404 923 404 924 403 925 403 926 403 927 403 927 402 927 401 927 400 927 399 927 398 927 397 927 396 927 395 927 394 928 393 929 393 928 393 927 392 928 391 929 391 928 391 927 390 928 389 929 389 928 389 927 388 928 387 929 387 928 387 927 386 928 385 929 385 928 385 927 384 928 383 929 383 928 383 927 382 928 381 929 381 928 381 927 380 928 379 929 379 928 379 927 378 928 377 929 377 928 377 927 376 928 375 929 375 928 375 927 374 928 373 929 373 928 373 927 372 928 371 929 371 928 371 927 370 928 369 929 369 928 369 927 368 928 367 929 367 928 367 927 366 928 365 929 365 928 365 927 364 928 363 929 363 928 363 927 362 928 361 929 361 928 361 927 360 928 359 929 359 929 358 929 357 929 356 929 355 930 354 931 354 932 354 933 354 934 354 935 354 936 354 937 354 938 354 939 354 940 354 941 354 942 354 943 354 944 354 945 354 946 354 947 354 948 354 949 354 950 354 951 354 952 354 953 354 954 354 955 354 956 354 957 354 958 354 959 354 960 354 961 354 962 354 963 354 964 354 965 354 966 354 967 354 968 354 969 354 970 354 971 354 972 354 973 354 974 354 975 354 976 353 977 353 978 353 979 353 978 353 977 352 978 351 979 351 979 350 979 349 979 348 979 347 979 346 979 345 979 344 979 343 979 342 979 341 979 340 979 339 978 339 977 338 976 338 975 337 974 337 973 337 972 337 971 337 970 337 969 337 968 336 967 336 966 336 965 336 964 336 963 336 962 336 961 336 960 336 959 336 958 336 957 336 956 336 955 336 954 336 953 336 952 336 951 336 950 336 949 336 948 336 947 336 946 336 945 336 944 336 943 336 942 336 941 336 940 336 939 336 938 336 937 336 936 336 935 336 934 336 933 336 932 336 931 336 930 336 929 336 928 336 927 336 926 336 925 336 924 336 923 336 922 336 921 336 920 336 919 336 918 336 917 336 916 336 915 336 914 336 913 336 912 336 911 336 910 336 909 336 0 "NO_VALID_ADJACENT_EDGES: polygon=99,eligible_arcs=589,connection=47960,direction_or_position_arc=26394,discontinuous_arc=16899,short_or_residual_arc=4298"
1111 0 1 3 143 1028.125 338.265625 1059.625 339.25 1059.625 339.25 1058.96875 371.734375 1034 338 1033 339 1032 339 1031 339 1030 339 1029 340 1028 340 1029 340 1030 341 1029 342 1028 342 1028 343 1028 344 1028 345 1028 346 1028 347 1028 348 1028 349 1028 350 1028 351 1028 352 1029 352 1030 353 1030 354 1030 355 1031 355 1032 356 1033 356 1034 356 1035 356 1036 356 1037 356 1038 356 1039 356 1040 356 1041 357 1042 358 1042 359 1042 360 1042 361 1042 362 1042 363 1042 364 1042 365 1042 366 1043 367 1042 368 1043 368 1044 369 1045 369 1046 370 1047 370 1048 370 1049 370 1050 370 1051 370 1052 370 1053 370 1054 370 1055 370 1056 370 1057 370 1058 370 1059 370 1060 369 1061 369 1061 368 1062 367 1063 367 1062 367 1061 366 1062 365 1063 365 1062 365 1061 364 1062 363 1063 363 1062 363 1061 362 1062 361 1063 361 1062 361 1061 360 1062 359 1063 359 1062 359 1061 358 1062 357 1063 357 1062 356 1063 355 1062 355 1061 354 1062 353 1063 353 1062 353 1061 352 1062 351 1063 351 1062 350 1063 349 1062 348 1063 347 1062 347 1061 346 1062 345 1063 345 1062 345 1061 344 1062 343 1063 343 1062 343 1061 342 1062 341 1063 341 1062 341 1061 340 1060 340 1059 340 1058 340 1057 339 1056 339 1055 339 1054 339 1053 339 1052 339 1051 339 1050 339 1049 339 1048 339 1047 339 1046 339 1045 339 1044 339 1043 338 1042 338 1041 338 1040 338 1039 338 1038 338 1037 338 1036 338 1035 338 0 "NO_VALID_ADJACENT_EDGES: polygon=35,eligible_arcs=57,direction_or_position_arc=5160,discontinuous_arc=1364,short_or_residual_arc=1429"
1122 0 2 0 310 941.875 452.265625 939.0625 521.875 939.0625 521.875 869.453125 519.765625 928 452 927 453 926 453 925 454 924 453 923 454 922 454 923 454 924 455 923 456 922 456 922 457 922 458 922 459 922 460 922 461 922 462 922 463 922 464 922 465 922 466 922 467 922 468 922 469 922 470 922 471 922 472 922 473 922 474 922 475 922 476 922 477 922 478 922 479 922 480 922 481 922 482 922 483 922 484 922 485 922 486 922 487 922 488 922 489 922 490 922 491 922 492 922 493 922 494 922 495 922 496 922 497 922 498 922 499 922 500 922 501 921 502 920 502 919 503 918 503 917 503 916 503 915 504 914 503 913 503 912 503 911 503 910 503 909 503 908 503 907 503 906 503 905 503 904 503 903 503 902 503 901 503 900 503 899 503 898 503 897 503 896 503 895 503 894 503 893 503 892 503 891 503 890 503 889 503 888 503 887 503 886 503 885 503 884 503 883 503 882 503 881 503 880 503 879 503 878 503 877 503 876 503 875 503 874 503 873 504 872 504 871 504 870 504 871 504 872 505 871 506 870 506 870 507 870 508 870 509 870 510 870 511 870 512 870 513 870 514 870 515 870 516 871 516 872 517 871 518 870 518 871 518 872 519 873 519 874 520 875 520 876 520 877 520 878 520 879 520 880 520 881 520 882 520 883 520 884 521 885 521 886 521 887 521 888 521 889 521 890 521 891 521 892 521 893 521 894 521 895 521 896 521 897 521 898 521 899 521 900 521 901 521 902 521 903 521 904 521 905 521 906 521 907 521 908 521 909 521 910 521 911 521 912 521 913 521 914 521 915 521 916 521 917 521 918 521 919 521 920 521 921 521 922 521 923 521 924 522 925 522 926 522 927 522 928 522 929 522 930 522 931 522 932 522 933 522 934 522 935 522 936 521 937 521 938 521 939 521 940 521 941 521 940 520 941 519 941 518 941 517 941 516 942 515 943 515 942 515 941 514 942 513 943 513 942 513 941 512 942 511 943 511 942 511 941 510 942 509 943 509 942 509 941 508 942 507 943 507 942 507 941 506 942 505 943 505 943 504 943 503 942 503 941 502 942 501 943 501 943 500 943 499 942 498 943 497 942 496 943 495 942 495 941 494 942 493 943 493 942 493 941 492 942 491 943 491 942 491 941 490 942 489 943 489 942 488 943 487 942 487 941 486 942 485 943 485 942 484 943 483 942 483 941 482 942 481 943 481 942 481 941 480 942 479 943 479 943 478 943 477 943 476 943 475 943 474 943 473 943 472 943 471 942 471 941 470 942 469 943 469 942 468 943 467 943 466 943 465 943 464 943 463 942 463 941 462 942 461 943 461 942 461 941 460 942 459 943 459 942 459 941 458 942 457 943 457 942 457 941 456 941 455 941 454 940 454 939 453 938 453 937 453 936 453 935 453 934 453 933 452 932 452 931 452 930 452 929 452 0 "NO_VALID_ADJACENT_EDGES: polygon=57,eligible_arcs=127,connection=3924,direction_or_position_arc=11680,discontinuous_arc=3445,short_or_residual_arc=4208"
1132 0 2 0 347 829.984375 450.25 827.875 520.5625 827.875 520.5625 759.671875 518.453125 816 450 816 451 815 452 814 452 814 453 814 454 814 455 814 456 814 457 814 458 814 459 814 460 814 461 814 462 814 463 814 464 814 465 814 466 814 467 814 468 814 469 814 470 814 471 814 472 814 473 813 474 812 474 813 474 814 475 813 476 812 476 813 476 814 477 813 478 812 478 813 478 814 479 813 480 812 480 813 480 814 481 814 482 814 483 814 484 814 485 814 486 814 487 813 488 812 488 813 488 814 489 813 490 812 490 813 490 814 491 813 492 812 492 813 492 814 493 813 494 812 494 813 494 814 495 813 496 812 496 812 497 812 498 812 499 812 500 811 501 810 500 809 501 808 501 807 501 806 501 805 501 804 501 803 501 802 501 801 501 800 501 799 501 798 501 797 501 796 501 795 501 794 501 793 501 792 501 791 501 790 501 789 501 788 500 787 500 786 500 785 500 784 500 783 500 782 500 781 500 780 500 779 500 778 500 777 500 776 500 775 500 774 500 773 500 772 500 771 500 770 500 769 500 768 500 767 500 766 500 765 501 764 501 763 502 762 502 762 503 762 504 762 505 762 506 762 507 762 508 762 509 761 510 760 510 761 510 762 511 762 512 762 513 762 514 762 515 762 516 763 516 764 517 765 517 766 518 767 518 768 518 769 518 770 518 771 518 772 518 773 518 774 518 775 518 776 518 777 518 778 518 779 518 780 518 781 518 782 518 783 518 784 519 785 519 786 519 787 519 788 519 789 519 790 519 791 519 792 519 793 519 794 519 795 519 796 519 797 519 798 519 799 519 800 519 801 519 802 519 803 519 804 519 805 519 806 519 807 519 808 519 809 519 810 519 811 519 812 519 813 519 814 519 815 519 816 519 817 519 818 519 819 519 820 519 821 519 822 519 823 519 824 519 825 519 826 519 827 519 828 519 829 519 830 519 831 519 831 518 832 517 833 517 833 516 833 515 833 514 833 513 833 512 833 511 833 510 834 509 835 509 834 509 833 508 834 507 835 507 834 507 833 506 834 505 835 505 834 505 833 504 834 503 835 503 834 503 833 502 834 501 835 501 834 501 833 500 834 499 835 499 834 499 833 498 834 497 835 497 834 497 833 496 834 495 835 495 834 495 833 494 834 493 835 493 834 493 833 492 834 491 835 491 834 491 833 490 834 489 835 489 834 489 833 488 834 487 835 487 834 487 833 486 834 485 835 485 834 485 833 484 834 483 835 483 834 483 833 482 834 481 835 481 834 481 833 480 834 479 835 479 834 479 833 478 834 477 835 477 834 477 833 476 834 475 835 475 834 475 833 474 834 473 835 473 834 473 833 472 834 471 835 471 834 471 833 470 834 469 835 469 834 469 833 468 834 467 835 467 834 467 833 466 834 465 835 465 834 465 833 464 834 463 835 463 834 463 833 462 834 461 835 461 834 461 833 460 834 459 835 459 834 459 833 458 834 457 835 457 834 457 833 456 834 455 835 455 834 455 833 454 834 453 835 453 834 453 833 452 833 451 832 451 831 451 830 451 829 450 828 450 827 450 826 450 825 450 824 450 823 450 822 450 821 450 820 450 819 450 818 450 817 450 0 "NO_VALID_ADJACENT_EDGES: polygon=91,eligible_arcs=1020,connection=239960,corner_or_extension=3472,direction_or_position_arc=25470,discontinuous_arc=14200,short_or_residual_arc=4892"
1150 0 1 3 159 608.453125 322.28125 640.9375 321.625 640.9375 321.625 641.59375 354.4375 612 324 612 325 612 326 612 327 611 328 610 328 611 328 612 329 611 330 610 330 611 330 612 331 611 332 610 332 611 332 612 333 611 334 610 334 611 334 612 335 611 336 612 337 612 338 612 339 612 340 612 341 613 341 614 341 615 341 616 341 617 341 618 341 619 341 620 341 621 341 622 341 623 341 624 342 625 342 626 343 625 344 624 344 625 344 626 345 625 346 624 346 625 346 626 347 626 348 626 349 626 350 626 351 626 352 626 353 626 354 627 354 628 355 629 355 630 355 631 355 632 355 633 355 634 355 635 355 636 355 637 355 638 355 639 355 640 355 641 355 642 355 643 355 643 354 644 353 645 353 644 353 643 352 644 351 645 351 644 351 643 350 644 349 645 349 644 349 643 348 644 347 645 347 644 347 643 346 644 345 645 345 644 345 643 344 644 343 645 343 644 343 643 342 644 341 645 341 644 341 643 340 644 339 645 339 644 339 643 338 644 337 645 337 645 336 645 335 644 335 643 334 644 333 645 333 644 333 643 332 644 331 645 331 644 331 643 330 644 329 645 329 644 329 643 328 644 327 645 327 644 327 643 326 643 325 643 324 642 324 641 324 640 324 639 324 638 324 637 324 636 324 635 324 634 324 633 324 632 324 631 324 630 324 629 324 628 324 627 324 626 324 625 324 624 324 623 324 622 324 621 324 620 324 619 324 618 324 617 324 616 324 615 324 614 324 613 324 0 "NO_VALID_ADJACENT_EDGES: polygon=47,eligible_arcs=74,connection=288,direction_or_position_arc=6296,discontinuous_arc=3315,short_or_residual_arc=1657"
1156 0 2 0 331 620.40625 439.1875 619 509.5 619 509.5 547.28125 509.5 603 441 602 442 601 442 600 442 600 443 600 444 600 445 600 446 600 447 600 448 600 449 600 450 600 451 600 452 600 453 600 454 600 455 600 456 600 457 600 458 600 459 600 460 600 461 600 462 600 463 600 464 600 465 600 466 600 467 600 468 600 469 600 470 600 471 600 472 600 473 600 474 600 475 600 476 600 477 600 478 600 479 600 480 600 481 600 482 600 483 600 484 600 485 599 486 598 486 599 486 600 487 600 488 600 489 599 490 598 490 599 490 600 491 599 492 598 492 597 492 596 492 595 492 594 492 593 492 592 492 591 492 590 492 589 492 588 492 587 492 586 492 585 492 584 492 583 493 582 493 581 493 580 493 579 493 578 493 577 493 576 493 575 493 574 493 573 493 572 493 571 493 570 493 569 493 568 493 567 493 566 493 565 493 564 493 563 493 562 493 561 493 560 493 559 493 558 493 557 493 556 493 555 493 554 493 553 493 552 493 551 493 550 493 549 494 548 494 548 495 548 496 548 497 548 498 548 499 548 500 548 501 548 502 548 503 548 504 548 505 548 506 548 507 548 508 548 509 548 510 549 510 550 510 551 510 552 511 553 511 554 511 555 511 556 511 557 511 558 511 559 511 560 511 561 511 562 511 563 511 564 511 565 511 566 511 567 511 568 511 569 511 570 511 571 511 572 511 573 511 574 511 575 511 576 511 577 511 578 511 579 511 580 511 581 511 582 511 583 511 584 511 585 511 586 511 587 511 588 511 589 511 590 511 591 511 592 511 593 511 594 511 595 511 596 511 597 511 598 511 599 511 600 511 601 511 602 511 603 511 604 511 605 511 606 511 607 511 608 511 609 511 610 511 611 511 612 511 613 511 614 510 615 510 616 510 617 510 617 509 617 508 618 507 619 507 618 507 617 506 618 505 619 505 618 505 617 504 618 503 619 503 618 503 617 502 618 501 619 501 618 501 617 500 618 499 619 499 619 498 619 497 619 496 619 495 618 495 617 494 618 493 619 493 618 492 619 491 618 491 617 490 618 489 619 489 618 488 619 487 618 487 617 486 618 485 619 485 618 485 617 484 618 483 619 483 618 483 617 482 618 481 619 481 618 481 617 480 618 479 619 479 618 479 617 478 618 477 619 477 618 477 617 476 618 475 619 475 618 475 617 474 618 473 619 473 618 473 617 472 618 471 619 471 618 471 617 470 618 469 619 469 618 469 617 468 618 467 619 467 618 467 617 466 618 465 619 465 618 465 617 464 618 463 619 463 618 463 617 462 618 461 619 461 618 461 617 460 618 459 619 459 618 459 617 458 618 457 619 457 618 457 617 456 618 455 619 455 618 455 617 454 618 453 619 453 618 453 617 452 618 451 619 451 618 451 617 450 618 449 619 449 618 449 617 448 618 447 619 447 618 447 617 446 618 445 619 445 618 445 617 444 617 443 617 442 616 442 615 442 614 441 613 441 612 441 611 441 610 441 609 441 608 441 607 441 606 441 605 441 604 441 0 "NO_VALID_ADJACENT_EDGES: polygon=73,eligible_arcs=407,connection=30660,direction_or_position_arc=12656,discontinuous_arc=7699,short_or_residual_arc=5320"
1160 0 1 3 141 568.328125 326.359375 600.8125 326.6875 600.8125 326.6875 600.8125 359.5 574 326 574 327 573 328 572 328 572 329 572 330 572 331 572 332 572 333 572 334 572 335 572 336 572 337 572 338 572 339 572 340 572 341 572 342 573 342 574 343 575 343 576 343 577 343 578 343 579 343 580 343 581 343 582 343 583 343 584 344 585 344 586 345 586 346 586 347 586 348 586 349 586 350 586 351 586 352 586 353 586 354 586 355 586 356 587 356 588 357 589 357 590 357 591 357 592 357 593 357 594 357 595 357 596 357 597 357 598 357 599 357 600 357 601 357 602 357 603 357 603 356 604 355 605 355 604 355 603 354 604 353 605 353 604 353 603 352 604 351 605 351 604 351 603 350 604 349 605 349 604 349 603 348 604 347 605 347 604 347 603 346 604 345 605 345 604 345 603 344 604 343 605 343 604 343 603 342 604 341 605 341 604 341 603 340 604 339 605 339 605 338 605 337 605 336 605 335 605 334 605 333 605 332 605 331 604 331 603 330 604 329 605 329 604 329 603 328 604 327 605 327 604 327 603 326 602 326 601 326 600 326 599 326 598 326 597 326 596 326 595 326 594 326 593 326 592 326 591 326 590 326 589 326 588 326 587 326 586 326 585 326 584 326 583 326 582 326 581 326 580 326 579 326 578 326 577 326 576 326 575 326 0 "NO_VALID_ADJACENT_EDGES: polygon=29,eligible_arcs=50,connection=192,direction_or_position_arc=3067,discontinuous_arc=1205,short_or_residual_arc=1080"
1399 0 1 3 146 237.390625 318.34375 269.875 319 269.875 319 268.890625 352.46875 242 320 241 321 240 321 240 322 240 323 240 324 240 325 240 326 240 327 240 328 240 329 239 330 238 330 239 330 240 331 240 332 240 333 240 334 240 335 240 336 241 336 242 337 243 337 244 337 245 337 246 337 247 337 248 338 249 338 250 338 251 338 252 339 252 340 253 340 254 341 253 342 252 342 253 342 254 343 253 344 252 344 253 344 254 345 254 346 254 347 254 348 254 349 254 350 254 351 255 351 256 351 257 351 258 352 259 352 260 352 261 352 262 352 263 352 264 352 265 352 266 352 267 352 268 352 269 351 270 351 271 351 272 351 273 351 273 350 273 349 273 348 273 347 273 346 273 345 273 344 274 343 275 343 274 343 273 342 274 341 275 341 274 341 273 340 274 339 275 339 274 339 273 338 274 337 275 337 274 337 273 336 274 335 275 335 274 335 273 334 274 333 275 333 274 333 273 332 274 331 275 331 275 330 275 329 275 328 275 327 274 327 273 326 274 325 275 325 274 325 273 324 274 323 275 323 274 323 273 322 273 321 272 321 271 321 270 320 269 320 268 320 267 320 266 320 265 320 264 320 263 320 262 320 261 320 260 320 259 320 258 320 257 320 256 320 255 320 254 320 253 320 252 320 251 320 250 320 249 320 248 320 247 320 246 320 245 320 244 320 243 320 0 "NO_VALID_ADJACENT_EDGES: polygon=33,eligible_arcs=28,direction_or_position_arc=4956,discontinuous_arc=1708,short_or_residual_arc=1140"
1406 0 1 3 150 319.9375 321.578125 352.75 322.5625 352.75 322.5625 351.4375 355.375 326 321 325 322 324 322 323 322 322 322 321 322 320 322 320 323 320 324 320 325 320 326 320 327 319 328 318 328 319 328 320 329 319 330 318 330 319 330 320 331 319 332 318 332 319 332 320 333 320 334 320 335 320 336 320 337 320 338 321 338 322 338 323 338 324 339 325 339 326 339 327 339 328 339 329 339 330 339 331 339 332 340 333 340 334 341 333 342 332 342 333 342 334 343 333 344 332 344 333 344 334 345 333 346 332 346 333 346 334 347 334 348 334 349 334 350 334 351 334 352 335 352 336 353 337 353 338 353 339 353 340 353 341 353 342 353 343 353 344 353 345 353 346 353 347 353 348 353 349 353 350 353 351 353 351 352 352 351 353 351 353 350 353 349 353 348 354 347 355 347 354 347 353 346 354 345 355 345 354 345 353 344 354 343 355 343 354 343 353 342 354 341 355 341 354 341 353 340 354 339 355 339 354 339 353 338 354 337 355 337 354 337 353 336 354 335 355 335 354 334 355 333 355 332 355 331 354 330 355 329 354 328 355 327 354 327 353 326 354 325 355 325 354 325 353 324 353 323 352 323 351 322 350 322 349 322 348 322 347 322 346 322 345 322 344 322 343 322 342 322 341 322 340 322 339 322 338 322 337 322 336 322 335 322 334 322 333 321 332 321 331 321 330 321 329 321 328 321 327 322 0 "NO_VALID_ADJACENT_EDGES: polygon=39,eligible_arcs=71,direction_or_position_arc=5997,discontinuous_arc=2226,short_or_residual_arc=1212"
1414 0 1 3 154 411.578125 321.53125 444.0625 322.1875 444.0625 322.1875 442.75 355.328125 416 323 415 324 414 324 413 324 412 324 412 325 412 326 412 327 411 328 410 328 411 328 412 329 411 330 410 330 411 330 412 331 411 332 410 332 411 332 412 333 411 334 410 334 411 334 412 335 411 336 410 336 411 336 412 337 412 338 412 339 412 340 413 340 414 340 415 340 416 341 417 341 418 341 419 341 420 341 421 341 422 341 423 341 424 342 424 343 424 344 424 345 424 346 424 347 424 348 425 348 426 349 425 350 424 350 425 350 426 351 425 352 424 352 425 352 426 353 426 354 427 354 428 355 429 355 430 355 431 355 432 355 433 355 434 355 435 355 436 355 437 355 438 355 439 355 440 355 441 355 442 355 443 355 443 354 444 353 445 353 445 352 445 351 445 350 445 349 445 348 446 347 447 347 446 347 445 346 446 345 447 345 446 345 445 344 446 343 447 343 446 343 445 342 446 341 447 341 446 341 445 340 446 339 447 339 446 339 445 338 446 337 447 337 446 336 447 335 446 335 445 334 446 333 447 333 447 332 447 331 446 331 445 330 446 329 447 329 446 329 445 328 446 327 447 327 446 327 445 326 445 325 444 324 443 324 442 324 441 324 440 324 439 324 438 324 437 324 436 324 435 324 434 324 433 324 432 324 431 324 430 323 429 324 428 323 427 324 426 323 425 323 424 323 423 323 422 323 421 323 420 323 419 323 418 323 417 323 0 "NO_VALID_ADJACENT_EDGES: polygon=43,eligible_arcs=42,direction_or_position_arc=6666,discontinuous_arc=2468,short_or_residual_arc=1536"
1442 0 1 3 149 723.765625 329.078125 756.25 330.0625 756.25 330.0625 754.609375 362.875 724 330 723 331 722 331 721 332 720 332 720 333 720 334 720 335 720 336 720 337 720 338 720 339 720 340 720 341 720 342 720 343 720 344 720 345 720 346 720 347 721 347 722 347 723 347 724 348 725 348 726 348 727 348 728 348 729 348 730 348 731 348 732 349 732 350 733 350 734 351 733 352 732 352 733 352 734 353 733 354 732 354 733 354 734 355 734 356 734 357 734 358 734 359 734 360 734 361 735 361 736 362 737 362 738 362 739 362 740 362 741 362 742 362 743 362 744 362 745 362 746 362 747 362 748 362 749 362 750 362 751 362 752 361 753 361 753 360 753 359 753 358 754 357 755 357 754 357 753 356 754 355 755 355 754 355 753 354 754 353 755 353 754 353 753 352 754 351 755 351 754 351 753 350 754 349 755 349 754 349 753 348 754 347 755 347 754 347 753 346 754 345 755 345 754 345 753 344 754 343 755 343 754 343 753 342 754 341 755 341 754 340 755 339 754 339 753 338 754 337 755 337 754 337 753 336 754 335 755 335 754 335 753 334 754 333 755 333 754 333 753 332 752 332 751 332 750 332 749 331 748 331 747 331 746 331 745 331 744 331 743 331 742 331 741 331 740 331 739 330 738 330 737 330 736 330 735 330 734 330 733 330 732 330 731 330 730 330 729 330 728 330 727 330 726 330 725 330 0 "NO_VALID_ADJACENT_EDGES: polygon=37,eligible_arcs=26,connection=50,direction_or_position_arc=4954,discontinuous_arc=1974,short_or_residual_arc=1236"
1455 0 1 3 148 861.390625 332.03125 892.5625 332.6875 892.5625 332.6875 892.5625 365.828125 868 334 868 335 867 336 866 336 866 337 866 338 866 339 865 340 864 340 865 340 866 341 865 342 864 342 865 342 866 343 865 344 864 344 865 344 866 345 866 346 866 347 866 348 866 349 866 350 866 351 867 350 868 351 869 351 870 351 871 351 872 352 873 352 874 352 875 352 876 352 877 352 878 353 878 354 879 354 880 355 879 356 878 356 879 356 880 357 879 358 878 358 879 358 880 359 879 360 878 360 879 360 880 361 880 362 880 363 880 364 880 365 881 365 882 365 883 365 884 366 885 366 886 366 887 366 888 366 889 366 890 366 891 366 892 366 893 366 894 366 895 366 896 365 897 365 898 365 899 365 899 364 899 363 899 362 899 361 899 360 899 359 899 358 899 357 899 356 899 355 899 354 900 353 901 353 900 353 899 352 900 351 901 351 900 351 899 350 900 349 901 349 900 349 899 348 900 347 901 347 900 347 899 346 900 345 901 345 900 345 899 344 900 343 901 343 900 343 899 342 900 341 901 341 900 341 899 340 899 339 899 338 899 337 899 336 898 336 897 335 896 336 895 335 894 335 893 335 892 335 891 335 890 335 889 334 888 334 887 334 886 334 885 334 884 334 883 334 882 334 881 334 880 334 879 334 878 334 877 334 876 334 875 334 874 334 873 334 872 334 871 334 870 334 869 334 0 "NO_VALID_ADJACENT_EDGES: polygon=38,eligible_arcs=62,direction_or_position_arc=5920,discontinuous_arc=2279,short_or_residual_arc=1051"
1462 0 2 0 330 970.28125 453.25 968.875 523.5625 968.875 523.5625 901.375 521.453125 958 453 957 454 956 454 956 455 955 456 954 456 954 457 954 458 954 459 954 460 954 461 954 462 954 463 954 464 954 465 954 466 954 467 954 468 954 469 954 470 954 471 954 472 954 473 954 474 954 475 954 476 954 477 954 478 954 479 954 480 954 481 954 482 954 483 954 484 954 485 954 486 954 487 954 488 954 489 954 490 954 491 954 492 954 493 954 494 954 495 954 496 954 497 953 498 952 498 953 498 954 499 953 500 952 500 953 500 954 501 953 502 952 502 952 503 951 504 950 504 949 504 948 504 947 504 946 504 945 504 944 504 943 504 942 504 941 504 940 504 939 504 938 504 937 504 936 504 935 504 934 504 933 504 932 504 931 504 930 504 929 503 928 503 927 503 926 503 925 503 924 503 923 503 922 503 921 503 920 503 919 503 918 503 917 503 916 503 915 503 914 503 913 503 912 503 911 503 910 503 909 503 908 503 907 503 906 504 905 504 904 504 904 505 903 506 902 506 902 507 902 508 902 509 902 510 902 511 902 512 902 513 902 514 902 515 902 516 902 517 902 518 903 518 904 519 904 520 905 520 906 520 907 520 908 521 909 521 910 521 911 521 912 521 913 521 914 521 915 521 916 521 917 521 918 521 919 521 920 521 921 521 922 521 923 521 924 521 925 521 926 521 927 521 928 521 929 521 930 521 931 521 932 521 933 521 934 521 935 521 936 521 937 521 938 521 939 521 940 521 941 521 942 522 943 522 944 522 945 522 946 522 947 522 948 522 949 522 950 522 951 522 952 522 953 522 954 522 955 522 956 522 957 522 958 522 959 522 960 522 961 522 962 522 963 522 964 522 965 522 966 522 967 522 968 522 969 522 970 521 971 521 972 521 973 521 972 521 971 520 972 519 973 519 973 518 973 517 973 516 973 515 973 514 973 513 973 512 974 511 975 511 974 511 973 510 974 509 975 509 974 509 973 508 974 507 975 507 974 507 973 506 974 505 975 505 974 505 973 504 974 503 975 503 974 503 973 502 974 501 975 501 974 501 973 500 974 499 975 499 974 499 973 498 974 497 975 497 974 497 973 496 974 495 975 495 974 495 973 494 974 493 975 493 974 493 973 492 974 491 975 491 974 491 973 490 974 489 975 489 974 489 973 488 974 487 975 487 974 487 973 486 974 485 975 485 974 485 973 484 974 483 975 483 974 483 973 482 974 481 975 481 974 481 973 480 974 479 975 479 974 479 973 478 974 477 975 477 974 477 973 476 974 475 975 475 974 475 973 474 974 473 975 473 974 473 973 472 974 471 975 471 974 471 973 470 974 469 975 469 974 469 973 468 974 467 975 467 974 467 973 466 974 465 975 465 974 465 973 464 974 463 975 463 974 463 973 462 974 461 975 461 974 461 973 460 974 459 975 459 974 459 973 458 973 457 973 456 973 455 973 454 972 454 971 454 970 454 969 454 968 454 967 453 966 453 965 453 964 453 963 453 962 453 961 453 960 453 959 453 0 "NO_VALID_ADJACENT_EDGES: polygon=71,eligible_arcs=824,connection=94471,corner_or_extension=1415,direction_or_position_arc=13452,discontinuous_arc=8702,short_or_residual_arc=4412"
1488 0 1 3 147 1008.25 336.765625 1041.0625 337.75 1041.0625 337.75 1040.078125 370.234375 1006 338 1006 339 1006 340 1006 341 1006 342 1006 343 1006 344 1006 345 1006 346 1006 347 1006 348 1006 349 1006 350 1006 351 1006 352 1006 353 1006 354 1006 355 1007 355 1008 355 1009 355 1010 355 1011 355 1012 355 1013 355 1014 355 1015 355 1016 356 1017 356 1018 356 1019 356 1020 357 1019 358 1018 358 1019 358 1020 359 1019 360 1018 360 1019 360 1020 361 1020 362 1020 363 1020 364 1020 365 1020 366 1020 367 1020 368 1020 369 1021 369 1022 369 1023 369 1024 369 1025 369 1026 369 1027 369 1028 369 1029 369 1030 369 1031 369 1032 369 1033 369 1034 369 1035 369 1035 368 1036 367 1037 367 1036 367 1035 366 1036 365 1037 365 1036 365 1035 364 1036 363 1037 363 1036 363 1035 362 1036 361 1037 361 1036 361 1035 360 1036 359 1037 359 1036 359 1035 358 1036 357 1037 357 1036 357 1035 356 1036 355 1037 355 1036 355 1035 354 1036 353 1037 353 1036 353 1035 352 1036 351 1037 351 1036 351 1035 350 1036 349 1037 349 1036 349 1035 348 1036 347 1037 347 1037 346 1037 345 1036 345 1035 344 1036 343 1037 343 1036 343 1035 342 1036 341 1037 341 1036 341 1035 340 1035 339 1034 339 1033 338 1032 338 1031 338 1030 338 1029 338 1028 338 1027 338 1026 338 1025 338 1024 338 1023 338 1022 338 1021 338 1020 338 1019 338 1018 338 1017 338 1016 338 1015 338 1014 338 1013 338 1012 338 1011 338 1010 338 1009 338 1008 338 1007 338 0 "NO_VALID_ADJACENT_EDGES: polygon=37,eligible_arcs=53,connection=1260,direction_or_position_arc=4465,discontinuous_arc=2089,short_or_residual_arc=1403"
1489 0 1 3 147 1008.25 336.765625 1041.0625 337.75 1041.0625 337.75 1040.078125 370.234375 1006 338 1006 339 1006 340 1006 341 1006 342 1006 343 1006 344 1006 345 1006 346 1006 347 1006 348 1006 349 1006 350 1006 351 1006 352 1006 353 1006 354 1006 355 1007 355 1008 355 1009 355 1010 355 1011 355 1012 355 1013 355 1014 355 1015 355 1016 356 1017 356 1018 356 1019 356 1020 357 1019 358 1018 358 1019 358 1020 359 1019 360 1018 360 1019 360 1020 361 1020 362 1020 363 1020 364 1020 365 1020 366 1020 367 1020 368 1020 369 1021 369 1022 369 1023 369 1024 369 1025 369 1026 369 1027 369 1028 369 1029 369 1030 369 1031 369 1032 369 1033 369 1034 369 1035 369 1035 368 1036 367 1037 367 1036 367 1035 366 1036 365 1037 365 1036 365 1035 364 1036 363 1037 363 1036 363 1035 362 1036 361 1037 361 1036 361 1035 360 1036 359 1037 359 1036 359 1035 358 1036 357 1037 357 1036 357 1035 356 1036 355 1037 355 1036 355 1035 354 1036 353 1037 353 1036 353 1035 352 1036 351 1037 351 1036 351 1035 350 1036 349 1037 349 1036 349 1035 348 1036 347 1037 347 1037 346 1037 345 1036 345 1035 344 1036 343 1037 343 1036 343 1035 342 1036 341 1037 341 1036 341 1035 340 1035 339 1034 339 1033 338 1032 338 1031 338 1030 338 1029 338 1028 338 1027 338 1026 338 1025 338 1024 338 1023 338 1022 338 1021 338 1020 338 1019 338 1018 338 1017 338 1016 338 1015 338 1014 338 1013 338 1012 338 1011 338 1010 338 1009 338 1008 338 1007 338 0 "NO_VALID_ADJACENT_EDGES: polygon=37,eligible_arcs=53,connection=1260,direction_or_position_arc=4465,discontinuous_arc=2089,short_or_residual_arc=1403"
1490 0 1 3 141 1004.875 340.140625 1037.6875 341.125 1037.6875 341.125 1037.359375 372.953125 1006 338 1006 339 1006 340 1006 341 1006 342 1006 343 1006 344 1006 345 1006 346 1006 347 1006 348 1006 349 1006 350 1006 351 1006 352 1006 353 1006 354 1006 355 1007 355 1008 355 1009 355 1010 355 1011 355 1012 355 1013 355 1014 355 1015 355 1016 356 1017 356 1018 356 1019 356 1020 357 1019 358 1018 358 1019 358 1020 359 1019 360 1018 360 1019 360 1020 361 1020 362 1020 363 1020 364 1020 365 1020 366 1020 367 1020 368 1020 369 1021 369 1022 369 1023 369 1024 369 1025 369 1026 369 1027 369 1028 369 1029 369 1030 369 1031 369 1032 369 1033 369 1034 369 1035 369 1035 368 1036 367 1037 367 1036 367 1035 366 1036 365 1037 365 1036 365 1035 364 1036 363 1037 363 1036 363 1035 362 1036 361 1037 361 1036 361 1035 360 1036 359 1037 359 1036 359 1035 358 1036 357 1037 357 1036 357 1035 356 1036 355 1037 355 1036 355 1035 354 1036 353 1037 353 1036 353 1035 352 1036 351 1037 351 1037 350 1037 349 1037 348 1037 347 1037 346 1037 345 1037 344 1037 343 1036 343 1035 342 1036 341 1037 341 1036 341 1035 340 1035 339 1034 339 1033 338 1032 338 1031 338 1030 338 1029 338 1028 338 1027 338 1026 338 1025 338 1024 338 1023 338 1022 338 1021 338 1020 338 1019 338 1018 338 1017 338 1016 338 1015 338 1014 338 1013 338 1012 338 1011 338 1010 338 1009 338 1008 338 1007 338 0 "NO_VALID_ADJACENT_EDGES: polygon=31,eligible_arcs=37,connection=140,direction_or_position_arc=3878,discontinuous_arc=1467,short_or_residual_arc=1098"
1491 0 1 3 141 1004.875 340.140625 1037.6875 341.125 1037.6875 341.125 1037.359375 372.953125 1006 338 1006 339 1006 340 1006 341 1006 342 1006 343 1006 344 1006 345 1006 346 1006 347 1006 348 1006 349 1006 350 1006 351 1006 352 1006 353 1006 354 1006 355 1007 355 1008 355 1009 355 1010 355 1011 355 1012 355 1013 355 1014 355 1015 355 1016 356 1017 356 1018 356 1019 356 1020 357 1019 358 1018 358 1019 358 1020 359 1019 360 1018 360 1019 360 1020 361 1020 362 1020 363 1020 364 1020 365 1020 366 1020 367 1020 368 1020 369 1021 369 1022 369 1023 369 1024 369 1025 369 1026 369 1027 369 1028 369 1029 369 1030 369 1031 369 1032 369 1033 369 1034 369 1035 369 1035 368 1036 367 1037 367 1036 367 1035 366 1036 365 1037 365 1036 365 1035 364 1036 363 1037 363 1036 363 1035 362 1036 361 1037 361 1036 361 1035 360 1036 359 1037 359 1036 359 1035 358 1036 357 1037 357 1036 357 1035 356 1036 355 1037 355 1036 355 1035 354 1036 353 1037 353 1036 353 1035 352 1036 351 1037 351 1037 350 1037 349 1037 348 1037 347 1037 346 1037 345 1037 344 1037 343 1036 343 1035 342 1036 341 1037 341 1036 341 1035 340 1035 339 1034 339 1033 338 1032 338 1031 338 1030 338 1029 338 1028 338 1027 338 1026 338 1025 338 1024 338 1023 338 1022 338 1021 338 1020 338 1019 338 1018 338 1017 338 1016 338 1015 338 1014 338 1013 338 1012 338 1011 338 1010 338 1009 338 1008 338 1007 338 0 "NO_VALID_ADJACENT_EDGES: polygon=31,eligible_arcs=37,connection=140,direction_or_position_arc=3878,discontinuous_arc=1467,short_or_residual_arc=1098"
1500 0 1 3 143 984.671875 335.078125 1016.5 336.0625 1016.5 336.0625 1015.515625 368.875 984 338 984 339 984 340 984 341 984 342 984 343 984 344 984 345 984 346 984 347 984 348 984 349 984 350 984 351 984 352 984 353 984 354 985 354 986 354 987 354 988 355 989 355 990 355 991 355 992 355 993 355 994 355 995 355 996 356 997 356 998 357 998 358 998 359 998 360 998 361 998 362 998 363 998 364 998 365 998 366 998 367 998 368 999 368 1000 369 1001 369 1002 369 1003 369 1004 369 1005 369 1006 369 1007 369 1008 369 1009 369 1010 369 1011 369 1012 369 1013 369 1014 369 1015 369 1015 368 1015 367 1015 366 1016 365 1017 365 1016 365 1015 364 1016 363 1017 363 1016 363 1015 362 1016 361 1017 361 1016 361 1015 360 1016 359 1017 359 1016 359 1015 358 1016 357 1017 357 1016 357 1015 356 1016 355 1017 355 1016 355 1015 354 1016 353 1017 353 1016 353 1015 352 1016 351 1017 351 1016 351 1015 350 1016 349 1017 349 1017 348 1017 347 1016 347 1015 346 1016 345 1017 345 1016 345 1015 344 1016 343 1017 343 1016 343 1015 342 1016 341 1017 341 1016 341 1015 340 1015 339 1014 339 1013 338 1012 338 1011 338 1010 338 1009 338 1008 338 1007 338 1006 338 1005 338 1004 338 1003 338 1002 338 1001 338 1000 338 999 338 998 338 997 338 996 338 995 338 994 338 993 338 992 338 991 338 990 338 989 338 988 338 987 338 986 338 985 338 0 "NO_VALID_ADJACENT_EDGES: polygon=32,eligible_arcs=36,connection=70,direction_or_position_arc=3378,discontinuous_arc=1426,short_or_residual_arc=1322"
1528 0 1 3 145 698.078125 329.078125 730.5625 330.0625 730.5625 330.0625 729.25 362.875 698 330 698 331 697 332 696 332 696 333 696 334 696 335 696 336 696 337 696 338 696 339 696 340 696 341 696 342 696 343 696 344 696 345 696 346 697 346 698 347 699 347 700 348 701 348 702 348 703 348 704 348 705 348 706 348 707 348 708 349 708 350 709 350 710 351 709 352 708 352 709 352 710 353 709 354 708 354 709 354 710 355 710 356 710 357 710 358 710 359 710 360 710 361 711 361 712 362 713 362 714 362 715 362 716 362 717 362 718 362 719 362 720 362 721 362 722 362 723 362 724 362 725 362 726 362 727 362 728 361 729 361 729 360 729 359 729 358 730 357 731 357 730 357 729 356 730 355 731 355 730 355 729 354 730 353 731 353 730 353 729 352 730 351 731 351 730 351 729 350 730 349 731 349 730 349 729 348 730 347 731 347 730 347 729 346 730 345 731 345 730 344 731 343 730 343 729 342 730 341 731 341 730 340 731 339 730 339 729 338 730 337 731 337 731 336 731 335 730 335 729 334 730 333 731 333 730 333 729 332 728 332 727 332 726 332 725 331 724 331 723 331 722 331 721 331 720 331 719 330 718 330 717 330 716 330 715 330 714 330 713 330 712 330 711 330 710 330 709 330 708 330 707 330 706 330 705 330 704 330 703 330 702 330 701 330 700 330 699 330 0 "NO_VALID_ADJACENT_EDGES: polygon=36,eligible_arcs=51,direction_or_position_arc=5329,discontinuous_arc=1360,short_or_residual_arc=1270"
1536 0 1 3 145 608.03125 326.03125 640.1875 326.6875 640.1875 326.6875 639.203125 359.828125 610 328 609 329 608 329 608 330 608 331 608 332 608 333 608 334 608 335 608 336 608 337 608 338 608 339 608 340 608 341 608 342 608 343 608 344 609 345 610 345 611 345 612 345 613 345 614 346 615 346 616 346 617 346 618 346 619 346 620 347 620 348 621 348 622 349 621 350 620 350 621 350 622 351 621 352 620 352 621 352 622 353 621 354 620 354 621 354 622 355 622 356 622 357 622 358 622 359 623 359 624 359 625 359 626 360 627 360 628 360 629 360 630 360 631 360 632 360 633 360 634 360 635 360 636 360 637 360 638 359 639 359 640 359 641 359 641 358 641 357 641 356 641 355 641 354 642 353 643 353 642 353 641 352 642 351 643 351 642 351 641 350 642 349 643 349 642 349 641 348 642 347 643 347 642 347 641 346 642 345 643 345 642 345 641 344 642 343 643 343 642 343 641 342 642 341 643 341 642 340 643 339 643 338 643 337 643 336 643 335 642 335 641 334 642 333 643 333 642 333 641 332 642 331 643 331 642 331 641 330 640 330 639 329 638 329 637 329 636 329 635 329 634 329 633 328 632 328 631 328 630 328 629 328 628 328 627 328 626 328 625 328 624 328 623 328 622 328 621 328 620 328 619 328 618 328 617 328 616 328 615 328 614 328 613 328 612 328 611 328 0 "NO_VALID_ADJACENT_EDGES: polygon=32,eligible_arcs=32,direction_or_position_arc=4153,discontinuous_arc=1512,short_or_residual_arc=1109"
1552 0 1 3 158 429.71875 321.34375 461.875 322 461.875 322 460.5625 355.46875 432 324 431 325 430 325 430 326 430 327 430 328 430 329 430 330 430 331 429 332 428 332 429 332 430 333 429 334 428 334 429 334 430 335 429 336 428 336 429 336 430 337 430 338 430 339 430 340 431 340 432 341 433 341 434 341 435 341 436 341 437 341 438 341 439 341 440 342 441 342 442 343 442 344 443 344 444 345 443 346 442 346 443 346 444 347 443 348 442 348 443 348 444 349 443 350 442 350 443 350 444 351 444 352 444 353 444 354 444 355 445 355 446 355 447 355 448 355 449 356 450 356 451 356 452 356 453 356 454 356 455 356 456 356 457 356 458 355 459 355 460 355 461 355 462 355 463 355 463 354 463 353 463 352 464 351 465 351 464 351 463 350 464 349 465 349 464 349 463 348 464 347 465 347 464 347 463 346 464 345 465 345 464 345 463 344 464 343 465 343 464 343 463 342 464 341 465 341 464 341 463 340 464 339 465 339 464 339 463 338 464 337 465 337 465 336 465 335 464 335 463 334 464 333 465 333 464 333 463 332 464 331 465 331 464 331 463 330 464 329 465 329 464 329 463 328 464 327 465 327 464 327 463 326 463 325 462 325 461 325 460 325 459 324 458 324 457 324 456 324 455 324 454 324 453 324 452 324 451 324 450 324 449 324 448 324 447 324 446 324 445 324 444 324 443 324 442 324 441 324 440 324 439 324 438 324 437 324 436 324 435 324 434 324 433 324 0 "NO_VALID_ADJACENT_EDGES: polygon=45,eligible_arcs=33,direction_or_position_arc=6520,discontinuous_arc=3114,short_or_residual_arc=1463"
1573 0 1 3 156 197.3125 319.75 230.125 321.0625 230.125 321.0625 228.15625 354.203125 196 320 196 321 196 322 196 323 195 324 194 324 195 324 196 325 195 326 194 326 195 326 196 327 195 328 194 328 195 328 196 329 195 330 194 330 195 330 196 331 195 332 194 332 195 332 196 333 196 334 196 335 196 336 197 336 198 337 199 337 200 337 201 337 202 337 203 337 204 337 205 337 206 337 207 337 208 338 208 339 208 340 209 340 210 341 209 342 208 342 209 342 210 343 209 344 208 344 209 344 210 345 209 346 208 346 209 346 210 347 210 348 210 349 210 350 211 350 212 351 213 351 214 351 215 351 216 351 217 351 218 351 219 351 220 351 221 351 222 351 223 351 224 351 225 351 226 351 227 351 227 350 228 349 229 349 229 348 229 347 229 346 229 345 229 344 229 343 229 342 229 341 229 340 230 339 231 339 230 339 229 338 230 337 231 337 230 337 229 336 230 335 231 335 230 335 229 334 230 333 231 333 230 333 229 332 230 331 231 331 230 331 229 330 230 329 231 329 230 329 229 328 230 327 231 327 230 327 229 326 230 325 231 325 230 325 229 324 230 323 231 323 230 323 229 322 229 321 228 321 227 320 226 320 225 320 224 320 223 320 222 320 221 320 220 320 219 320 218 320 217 320 216 320 215 320 214 320 213 320 212 320 211 320 210 320 209 320 208 320 207 320 206 320 205 320 204 320 203 320 202 320 201 320 200 320 199 320 198 320 197 320 0 "NO_VALID_ADJACENT_EDGES: polygon=43,eligible_arcs=84,connection=3526,direction_or_position_arc=5669,discontinuous_arc=2834,short_or_residual_arc=1313"
1666 0 1 3 149 194.03125 318.34375 226.1875 319 226.1875 319 225.203125 352.46875 204 319 203 320 202 320 201 320 200 320 199 320 198 320 198 321 198 322 198 323 198 324 198 325 198 326 198 327 198 328 198 329 198 330 198 331 198 332 198 333 198 334 198 335 198 336 199 336 200 336 201 336 202 337 203 337 204 337 205 337 206 337 207 337 208 337 209 337 210 338 211 338 212 339 211 340 210 340 211 340 212 341 211 342 210 342 211 342 212 343 211 344 210 344 211 344 212 345 212 346 212 347 212 348 212 349 212 350 213 350 214 351 215 351 216 351 217 351 218 351 219 351 220 351 221 351 222 351 223 351 224 351 225 351 226 351 227 351 228 351 229 351 229 350 230 349 231 349 231 348 231 347 231 346 231 345 231 344 232 343 233 343 232 343 231 342 232 341 233 341 232 341 231 340 232 339 233 339 232 339 231 338 232 337 233 337 232 337 231 336 232 335 233 335 232 335 231 334 232 333 233 333 232 333 231 332 232 331 233 331 232 331 231 330 232 329 233 329 232 328 233 327 232 327 231 326 232 325 233 325 232 325 231 324 232 323 233 323 232 323 231 322 231 321 231 320 230 320 229 320 228 320 227 320 226 320 225 320 224 320 223 320 222 320 221 320 220 320 219 320 218 320 217 320 216 320 215 320 214 320 213 319 212 319 211 319 210 319 209 319 208 319 207 319 206 319 205 320 0 "NO_VALID_ADJACENT_EDGES: polygon=36,eligible_arcs=40,direction_or_position_arc=4487,discontinuous_arc=1827,short_or_residual_arc=1302"
1669 0 1 3 149 233.125 319.890625 265.9375 320.875 265.9375 320.875 264.296875 354.015625 234 320 233 321 232 321 232 322 232 323 232 324 232 325 232 326 232 327 232 328 232 329 231 330 230 330 231 330 232 331 232 332 232 333 232 334 232 335 232 336 233 336 234 337 235 337 236 337 237 337 238 337 239 337 240 337 241 338 242 338 243 338 244 339 244 340 245 340 246 341 245 342 244 342 245 342 246 343 245 344 244 344 245 344 246 345 245 346 244 346 245 346 246 347 246 348 246 349 246 350 247 351 248 351 249 351 250 352 251 352 252 352 253 352 254 352 255 352 256 352 257 352 258 352 259 352 260 351 261 351 262 351 263 351 264 351 265 351 265 350 265 349 265 348 265 347 265 346 265 345 265 344 266 343 267 343 266 343 265 342 266 341 267 341 266 341 265 340 266 339 267 339 266 339 265 338 266 337 267 337 266 337 265 336 266 335 267 335 266 335 265 334 266 333 267 333 266 333 265 332 266 331 267 331 266 331 265 330 266 329 267 329 267 328 267 327 266 327 265 326 266 325 267 325 266 325 265 324 266 323 267 323 266 323 265 322 265 321 264 321 263 321 262 320 261 320 260 320 259 320 258 320 257 320 256 320 255 320 254 320 253 320 252 320 251 320 250 320 249 320 248 320 247 320 246 320 245 320 244 320 243 320 242 320 241 320 240 320 239 320 238 320 237 320 236 320 235 320 0 "NO_VALID_ADJACENT_EDGES: polygon=37,eligible_arcs=31,connection=168,direction_or_position_arc=5302,discontinuous_arc=2122,short_or_residual_arc=1287"
1673 0 1 3 156 277.9375 321.578125 310.75 322.5625 310.75 322.5625 309.4375 355.375 284 320 283 321 282 321 281 321 280 321 279 322 278 322 278 323 278 324 278 325 277 326 276 326 277 326 278 327 277 328 276 328 277 328 278 329 277 330 276 330 277 330 278 331 277 332 276 332 277 332 278 333 278 334 278 335 278 336 278 337 279 337 280 338 281 338 282 338 283 338 284 338 285 338 286 338 287 338 288 339 289 339 290 340 291 341 290 342 291 342 292 343 291 344 290 344 291 344 292 345 291 346 290 346 291 346 292 347 292 348 292 349 292 350 292 351 293 352 294 352 295 352 296 352 297 352 298 352 299 352 300 353 301 353 302 353 303 353 304 352 305 352 306 352 307 352 308 352 309 352 310 351 311 351 311 350 311 349 311 348 312 347 313 347 312 347 311 346 312 345 313 345 312 345 311 344 312 343 313 343 312 343 311 342 312 341 313 341 312 341 311 340 312 339 313 339 312 339 311 338 312 337 313 337 312 337 311 336 312 335 313 335 312 335 311 334 312 333 313 333 312 333 311 332 312 331 313 331 312 331 311 330 312 329 313 329 313 328 313 327 312 327 311 326 312 325 313 325 312 325 311 324 312 323 313 323 312 323 311 322 310 322 309 322 308 322 307 321 306 321 305 321 304 321 303 321 302 321 301 321 300 321 299 321 298 321 297 321 296 321 295 321 294 321 293 320 292 320 291 320 290 320 289 320 288 320 287 320 286 320 285 320 0 "NO_VALID_ADJACENT_EDGES: polygon=47,eligible_arcs=62,connection=570,direction_or_position_arc=6916,discontinuous_arc=3199,short_or_residual_arc=2033"
